Status,Date,Description,Debit,Credit
Cleared,12/31/2024,"OLAF'S SEATTLE WA",21.90,
Cleared,12/31/2024,"MOLLY MAGUIRES SEATTLE WA",52.00,
Cleared,12/30/2024,"QFC #5807 SEATTLE WA null XXXXXXXXXXXX5191",156.46,
Cleared,12/29/2024,"NFL nfl.com/plus/ NY null XXXXXXXXXXXX5191",7.71,
Cleared,12/29/2024,"LITTLE RED HEN SEATTLE WA",21.00,
Cleared,12/29/2024,"LITTLE RED HEN SEATTLE WA",25.70,
Cleared,12/28/2024,"LITTLE RED HEN SEATTLE WA",14.00,
Cleared,12/28/2024,"METROPOLITAN MKT 156 SEATTLE WA null XXXXXXXXXXXX5191",28.52,
Cleared,12/27/2024,"SP BELLZI.COM CHINO CA null XXXXXXXXXXXX5191",24.27,
Cleared,12/27/2024,"MACYS .COM MASON OH null XXXXXXXXXXXX2795",247.18,
Cleared,12/27/2024,"LYNNWOOD BOWL & SKATE LYNNWOOD WA null XXXXXXXXXXXX5191",8.74,
Cleared,12/26/2024,"LITTLE RED HEN SEATTLE WA",14.00,
Cleared,12/25/2024,"AUTOPAY 999990000092096RAUTOPAY AUTO-PMT",,-5187.12
Cleared,12/25/2024,"ST SUBSCRIPTIONS 8886247323 WA",27.72,
Cleared,12/24/2024,"TM *HAMILTON TOURING 800-653-8000 CA null XXXXXXXXXXXX7705",1092.00,
Cleared,12/24/2024,"SPACE AGE #202 CASTLE ROCK WA",19.93,
Cleared,12/23/2024,"NYTIMES DISC* 8006984637 NY null XXXXXXXXXXXX5191",4.09,
Cleared,12/23/2024,"LOVE'S #0454 INSIDE NAPAVINE WA",6.69,
Cleared,12/23/2024,"LOVE'S #0454 OUTSIDE NAPAVINE WA",44.52,
Cleared,12/23/2024,"METROPOLITAN MKT 156 SEATTLE WA null XXXXXXXXXXXX5191",21.79,
Cleared,12/22/2024,"LITTLE RED HEN SEATTLE WA",14.00,
Cleared,12/21/2024,"SP ARCHIEMCPHEESTORE MUKILTEO WA null XXXXXXXXXXXX5191",22.66,
Cleared,12/21/2024,"SP THE SOCK MONSTER SEATTLE WA null XXXXXXXXXXXX5191",28.69,
Cleared,12/21/2024,"SAFEWAY #0423 SEATTLE WA null XXXXXXXXXXXX5191",33.25,
Cleared,12/20/2024,"ALDER & ASH SEATTLE WA",170.34,
Cleared,12/18/2024,"WEST COAST DRUM SHOP BELLEVUE WA null XXXXXXXXXXXX5191",31.38,
Cleared,12/17/2024,"SHELL OIL12989474023 SEATTLE WA",61.12,
Cleared,12/16/2024,"QFC #5807 SEATTLE WA null XXXXXXXXXXXX5191",279.02,
Cleared,12/15/2024,"APPLE.COM/BILL 866-712-7753 CA null XXXXXXXXXXXX9835",20.96,
Cleared,12/13/2024,"HORSESHOE BOUTIQUE SEATTLE WA null XXXXXXXXXXXX5191",102.29,
Cleared,12/13/2024,"THE HOME DEPOT #4706 SEATTLE WA null XXXXXXXXXXXX5191",145.53,
Cleared,12/12/2024,"BABELAND - EAST PIKE SEATTLE WA",80.67,
Cleared,12/12/2024,"SQ *RAVENNA BREWING CO Seattle WA null XXXXXXXXXXXX5191",24.50,
Cleared,12/12/2024,"LITTLE RED HEN SEATTLE WA",7.00,
Cleared,12/11/2024,"GADGET REHAB SEATTLE WA null XXXXXXXXXXXX5191",16.56,
Cleared,12/11/2024,"GAP US 1715 SEATTLE WA null XXXXXXXXXXXX5191",46.31,
Cleared,12/11/2024,"MADEWELL #241 SEATTLE WA null XXXXXXXXXXXX5191",106.93,
Cleared,12/11/2024,"METROPOLITAN MKT 156 SEATTLE WA null XXXXXXXXXXXX5191",13.78,
Cleared,12/11/2024,"VICTORIA'S SECRET 1325 SEATTLE WA null XXXXXXXXXXXX5191",44.17,
Cleared,12/10/2024,"Etsy.com*Trashmerch BROOKLYN NY",9.79,
Cleared,12/08/2024,"APPLE.COM/BILL 866-712-7753 CA null XXXXXXXXXXXX9835",3.30,
Cleared,12/08/2024,"HUNTER FARM I LLC UNION WA",99.30,
Cleared,12/08/2024,"SAFEWAY #0423 SEATTLE WA null XXXXXXXXXXXX5191",79.22,
Cleared,12/07/2024,"TST* THE ATLANTIC CROS SEATTLE WA null XXXXXXXXXXXX5191",16.32,
Cleared,12/07/2024,"CTLP*Vista Vending AUBURN WA null XXXXXXXXXXXX5191",1.90,
Cleared,12/07/2024,"CTLP*Vista Vending AUBURN WA null XXXXXXXXXXXX5191",2.65,
Cleared,12/06/2024,"APPLE.COM/US 800-676-2775 CA",109.25,
Cleared,12/06/2024,"SHELL OIL10006032014 SEATTLE WA",58.34,
Cleared,12/05/2024,"SQ *SEATTLE GRAND CENT Seattle WA null XXXXXXXXXXXX5191",10.66,
Cleared,12/05/2024,"MEMBERSHIP FEE DEC 24-NOV 25",0.00,
Cleared,12/04/2024,"WEST COAST DRUM SHOP BELLEVUE WA null XXXXXXXXXXXX5191",462.42,
Cleared,12/02/2024,"QFC #5807 SEATTLE WA null XXXXXXXXXXXX5191",132.23,
Cleared,12/01/2024,"PAGLIACCI MAGNOLIA SEATTLE WA",54.33,
Cleared,11/30/2024,"QFC #5891 SEATTLE WA null XXXXXXXXXXXX5191",15.44,
Cleared,11/30/2024,"TST* SKAL BEER HALL SEATTLE WA",83.91,
Cleared,11/30/2024,"LARSENS BAKERY SEATTLE WA null XXXXXXXXXXXX5191",12.66,
Cleared,11/30/2024,"TST*OLD SALT 2.0 - BAL Seattle WA null XXXXXXXXXXXX5191",5.64,
Cleared,11/30/2024,"TST*OLD SALT 2.0 - BAL Seattle WA null XXXXXXXXXXXX5191",20.20,
Cleared,11/29/2024,"QFC #5891 SEATTLE WA null XXXXXXXXXXXX5191",16.48,
Cleared,11/28/2024,"HOOD CANAL MARKET FRES HOODSPORT WA null XXXXXXXXXXXX5191",6.83,
Cleared,11/28/2024,"CHEVRON 0306358 UNION WA",24.56,
Cleared,11/28/2024,"SQ *HOODSPORT COFFEE C Hoodsport WA",13.21,
Cleared,11/27/2024,"ST SUBSCRIPTIONS 8886247323 WA",15.96,
Cleared,11/27/2024,"WSFERRIES-FAUNTLEROY SEATTLE WA",22.50,
Cleared,11/27/2024,"SAFEWAY FUEL1571 BELFAIR WA",44.56,
Cleared,11/27/2024,"NORTH 40 RESTAURANT UNION WA",31.06,
Cleared,11/26/2024,"QFC #5807 SEATTLE WA null XXXXXXXXXXXX5191",29.33,
Cleared,11/26/2024,"MARKET OPTICAL- UNIVER SEATTLE WA",1524.00,
Cleared,11/25/2024,"AUTOPAY 999990000092096RAUTOPAY AUTO-PMT",,-4390.80
Cleared,11/25/2024,"NYTIMES DISC* 8006984637 NY null XXXXXXXXXXXX5191",4.09,
Cleared,11/23/2024,"QFC #5807 SEATTLE WA null XXXXXXXXXXXX5191",163.94,
Cleared,11/22/2024,"Seattle Symphony Seattle WA",239.20,
Cleared,11/21/2024,"SQ *SEATTLE GRAND CENT Seattle WA null XXXXXXXXXXXX5191",10.66,
Cleared,11/20/2024,"SAFEWAY #0423 SEATTLE WA null XXXXXXXXXXXX5191",13.90,
Cleared,11/20/2024,"SAFEWAY #0423 SEATTLE WA",19.46,
Cleared,11/19/2024,"SQ *ASSOCIATED FRIENDS Seattle WA null XXXXXXXXXXXX5191",5.00,
Cleared,11/18/2024,"QFC #5807 SEATTLE WA null XXXXXXXXXXXX5191",83.37,
Cleared,11/18/2024,"ARCO#07112ARCO #071QPS BELLEVUE WA null XXXXXXXXXXXX5191",29.99,
Cleared,11/15/2024,"APPLE.COM/BILL 866-712-7753 CA null XXXXXXXXXXXX9835",20.96,
Cleared,11/15/2024,"PROLIANCE SURGEONS INC SEATTLE WA",142.70,
Cleared,11/14/2024,"AMERICAN0012191349920 FORT WORTH TX",1184.83,
Cleared,11/14/2024,"BYT*KING COUNTY METRO SEATTLE WA",2.75,
Cleared,11/14/2024,"QFC #5807 SEATTLE WA null XXXXXXXXXXXX5191",153.74,
Cleared,11/12/2024,"Disney Plus 8889057888 CA",176.55,
Cleared,11/12/2024,"ARCO#07112ARCO #071QPS BELLEVUE WA",36.33,
Cleared,11/11/2024,"TST* SALT AND STRAW - SEATTLE WA null XXXXXXXXXXXX5191",10.21,
Cleared,11/11/2024,"SAFEWAY #0423 SEATTLE WA null XXXXXXXXXXXX5191",8.16,
Cleared,11/11/2024,"SAFEWAY #0423 SEATTLE WA null XXXXXXXXXXXX5191",57.97,
Cleared,11/10/2024,"BOOKTIX.COM EAST BRUNSWIC NJ",11.50,
Cleared,11/10/2024,"FANDANGO * 8003263264 CA null XXXXXXXXXXXX5191",15.30,
Cleared,11/10/2024,"SQ *THE 14/48 PROJECTS Seattle WA null XXXXXXXXXXXX5191",20.00,
Cleared,11/10/2024,"FANDANGO * 8003263264 CA null XXXXXXXXXXXX5191",79.66,
Cleared,11/09/2024,"SQ *THE 14/48 PROJECTS Seattle WA null XXXXXXXXXXXX5191",20.00,
Cleared,11/08/2024,"TST* ZEEK'S PIZZA - RA SEATTLE WA null XXXXXXXXXXXX5191",30.90,
Cleared,11/08/2024,"SAFEWAY #0423 SEATTLE WA null XXXXXXXXXXXX5191",18.45,
Cleared,11/08/2024,"SAFEWAY #0423 SEATTLE WA null XXXXXXXXXXXX5191",37.00,
Cleared,11/07/2024,"WHOLEFDS RSQ 10103 SEATTLE WA null XXXXXXXXXXXX5191",6.72,
Cleared,11/06/2024,"WEST COAST DRUM SHOP BELLEVUE WA null XXXXXXXXXXXX5191",11.50,
Cleared,11/06/2024,"WEST COAST DRUM SHOP BELLEVUE WA null XXXXXXXXXXXX5191",20.88,
Cleared,11/06/2024,"ARCO#07112ARCO #071QPS BELLEVUE WA null XXXXXXXXXXXX5191",36.08,
Cleared,11/05/2024,"SQ *O RYAN MOBILE DETA gosq.com WA null XXXXXXXXXXXX5191",916.58,
Cleared,11/04/2024,"QFC #5807 SEATTLE WA null XXXXXXXXXXXX5191",204.57,
Cleared,11/03/2024,"LITTLE RED HEN SEATTLE WA",9.70,
Cleared,11/03/2024,"ACE PARKING 3288 SEATTLE WA",10.00,
Cleared,11/02/2024,"GIDDY UP BURGERS SEATTLE WA",8.49,
Cleared,10/31/2024,"NYTIMES DISC* 8006984637 NY null XXXXXXXXXXXX5191",4.09,
Cleared,10/31/2024,"QFC #5807 SEATTLE WA",34.96,
Cleared,10/31/2024,"BARTELL DRUG 06931 SEATTLE WA null XXXXXXXXXXXX5191",3.99,
Cleared,10/30/2024,"ST SUBSCRIPTIONS 8886247323 WA",15.96,
Cleared,10/30/2024,"SQ *O RYAN MOBILE DETA gosq.com WA null XXXXXXXXXXXX5191",200.93,
Cleared,10/30/2024,"ARCO#07112ARCO #071QPS BELLEVUE WA",35.12,
Cleared,10/29/2024,"HOMEOWNERS INSURANCE BOSTON MA",129.00,
Cleared,10/29/2024,"MED*SWEDISH MEDICAL CT 888-294-9333 WA null XXXXXXXXXXXX5191",218.00,
Cleared,10/29/2024,"MED*SWEDISH MEDICAL GR 888-294-9333 WA null XXXXXXXXXXXX5191",354.75,
Cleared,10/29/2024,"METROPOLITAN MKT 156 SEATTLE WA null XXXXXXXXXXXX5191",15.97,
Cleared,10/28/2024,"SAFEWAY #0423 SEATTLE WA null XXXXXXXXXXXX5191",4.99,
Cleared,10/27/2024,"QFC #5807 SEATTLE WA null XXXXXXXXXXXX5191",22.79,
Cleared,10/27/2024,"BARTELL DRUG 06931 SEATTLE WA null XXXXXXXXXXXX5191",9.08,
Cleared,10/26/2024,"QFC #5807 SEATTLE WA null XXXXXXXXXXXX5191",,-11.58
Cleared,10/26/2024,"QFC #5807 SEATTLE WA null XXXXXXXXXXXX5191",129.05,
Cleared,10/25/2024,"AUTOPAY 999990000092096RAUTOPAY AUTO-PMT",,-3038.35
Cleared,10/24/2024,"QFC #5891 SEATTLE WA null XXXXXXXXXXXX5191",10.84,
Cleared,10/24/2024,"TOP BANANA SEATTLE WA null XXXXXXXXXXXX5191",34.49,
Cleared,10/24/2024,"SHELL OIL10005983019 SEATTLE WA null XXXXXXXXXXXX5191",3.49,
Cleared,10/23/2024,"ARCO#07112ARCO #071QPS BELLEVUE WA",38.77,
Cleared,10/22/2024,"Dyson Direct Inc Chicago IL null XXXXXXXXXXXX5191",331.04,
Cleared,10/21/2024,"QFC #5807 SEATTLE WA null XXXXXXXXXXXX5191",171.02,
Cleared,10/20/2024,"Patreon* Membership Internet CA null XXXXXXXXXXXX9835",10.13,
Cleared,10/20/2024,"LITTLE RED HEN SEATTLE WA",12.70,
Cleared,10/18/2024,"QFC #5891 SEATTLE WA null XXXXXXXXXXXX5191",23.74,
Cleared,10/18/2024,"ARCO#07112ARCO #071QPS BELLEVUE WA",58.49,
Cleared,10/17/2024,"MAPLE LEAF ACE SEATTLE WA null XXXXXXXXXXXX5191",,-27.60
Cleared,10/17/2024,"APPLE.COM/BILL 866-712-7753 CA null XXXXXXXXXXXX9835",27.58,
Cleared,10/16/2024,"APPLE.COM/BILL 866-712-7753 CA null XXXXXXXXXXXX9835",20.96,
Cleared,10/16/2024,"MAPLE LEAF ACE SEATTLE WA null XXXXXXXXXXXX5191",199.92,
Cleared,10/15/2024,"QFC #5807 SEATTLE WA null XXXXXXXXXXXX5191",74.39,
Cleared,10/14/2024,"SIXSTRINGCOUNTRY.COM HUDSONVILLE MI null XXXXXXXXXXXX2240",11.95,
Cleared,10/13/2024,"QFC #5807 SEATTLE WA null XXXXXXXXXXXX5191",78.55,
Cleared,10/13/2024,"SPIRIT HALLOWEEN 61043 SEATTLE WA null XXXXXXXXXXXX5191",8.00,
Cleared,10/13/2024,"SPIRIT HALLOWEEN 61043 SEATTLE WA null XXXXXXXXXXXX5191",82.71,
Cleared,10/13/2024,"TARGET 00012849 SEATTLE WA null XXXXXXXXXXXX5191",224.34,
Cleared,10/12/2024,"TACO TIME SEATTLE-SHIL SEATTLE WA null XXXXXXXXXXXX5191",5.51,
Cleared,10/12/2024,"TACO TIME SEATTLE-SHIL SEATTLE WA null XXXXXXXXXXXX5191",8.36,
Cleared,10/12/2024,"METROPOLITAN MKT 156 SEATTLE WA null XXXXXXXXXXXX5191",43.01,
Cleared,10/12/2024,"HABITUDE AT THE LOCKS SEATTLE WA null XXXXXXXXXXXX5191",90.49,
Cleared,10/09/2024,"WEST COAST DRUM SHOP BELLEVUE WA null XXXXXXXXXXXX5191",31.38,
Cleared,10/09/2024,"SQ *TRACTOR TAVERN Seattle WA null XXXXXXXXXXXX5191",30.90,
Cleared,10/09/2024,"TRACTOR TAVERN SEATTLE WA",8.26,
Cleared,10/09/2024,"ARCO#07112ARCO #071QPS BELLEVUE WA",57.18,
Cleared,10/08/2024,"SQ *SEATTLE GRAND CENT Seattle WA null XXXXXXXXXXXX5191",4.75,
Cleared,10/07/2024,"DISCOVERYOURNORTHWEST 877-874-6775 WA",5.00,
Cleared,10/07/2024,"QFC #5807 SEATTLE WA null XXXXXXXXXXXX5191",184.18,
Cleared,10/07/2024,"THIRD PLACE BOOKS - RA SEATTLE WA null XXXXXXXXXXXX5191",67.21,
Cleared,10/06/2024,"BARTELL DRUG 06931 SEATTLE WA null XXXXXXXXXXXX5191",53.89,
Cleared,10/05/2024,"METROPOLITAN MKT 156 SEATTLE WA null XXXXXXXXXXXX5191",47.13,
Cleared,10/03/2024,"LITTLE RED HEN SEATTLE WA",14.00,
Cleared,10/02/2024,"WEST COAST DRUM SHOP BELLEVUE WA null XXXXXXXXXXXX5191",83.75,
Cleared,10/02/2024,"ST SUBSCRIPTIONS 8886247323 WA",15.96,
Cleared,10/02/2024,"ARCO#07112ARCO #071QPS BELLEVUE WA",30.32,
Cleared,10/01/2024,"METROPOLITAN MKT 156 SEATTLE WA null XXXXXXXXXXXX5191",46.72,
Cleared,09/28/2024,"BIRD APP* PENDING.BIRD MIAMI FL null XXXXXXXXXXXX5191",2.52,
Cleared,09/28/2024,"LITTLE RED HEN SEATTLE WA",7.00,
Cleared,09/27/2024,"BIRD APP* PENDING.BIRD MIAMI FL null XXXXXXXXXXXX5191",2.94,
Cleared,09/27/2024,"BROWN BEAR BALLARD SEATTLE WA null XXXXXXXXXXXX5191",13.23,
Cleared,09/27/2024,"CENTURY BALLROOM SEATTLE WA null XXXXXXXXXXXX5191",20.00,
Cleared,09/27/2024,"SAFEWAY #0423 SEATTLE WA null XXXXXXXXXXXX5191",24.56,
Cleared,09/27/2024,"THE TIN TABLE SEATTLE WA",9.83,
Cleared,09/27/2024,"THE TIN TABLE SEATTLE WA",9.83,
Cleared,09/26/2024,"WHOLEFDS RSQ 10103 SEATTLE WA null XXXXXXXXXXXX5191",4.73,
Cleared,09/26/2024,"HELP.MAX.COM NEW YORK NY",187.58,
Cleared,09/25/2024,"AUTOPAY 999990000092096RAUTOPAY AUTO-PMT",,-3203.74
Cleared,09/25/2024,"ARCO#07112ARCO #071QPS BELLEVUE WA",2.69,
Cleared,09/25/2024,"ARCO#07112ARCO #071QPS BELLEVUE WA",50.70,
Cleared,09/24/2024,"METROPOLITAN MKT 156 SEATTLE WA null XXXXXXXXXXXX5191",34.26,
Cleared,09/24/2024,"QFC #5807 SEATTLE WA null XXXXXXXXXXXX5191",166.35,
Cleared,09/23/2024,"MED*SWEDISH MEDICAL GR 888-294-9333 WA null XXXXXXXXXXXX5191",354.75,
Cleared,09/22/2024,"TCKTWEB* 800-965-4827 CA",,-107.63
Cleared,09/22/2024,"QFC #5807 SEATTLE WA null XXXXXXXXXXXX5191",65.10,
Cleared,09/22/2024,"OLAF'S SEATTLE WA",47.50,
Cleared,09/22/2024,"LITTLE RED HEN SEATTLE WA",16.00,
Cleared,09/20/2024,"GORGE AMPHITHEATRE BEVERLY HILLS CA",146.07,
Cleared,09/20/2024,"THE GORGE AMPHITHEATRE QUINCY WA null XXXXXXXXXXXX5191",8.66,
Cleared,09/20/2024,"DAIRY QUEEN #18955 CLE ELUM WA null XXXXXXXXXXXX5191",16.84,
Cleared,09/20/2024,"REI #116 ISSAQUAH ISSAQUAH WA null XXXXXXXXXXXX5191",69.13,
Cleared,09/20/2024,"SAFEWAY FUEL1135 CLE ELUM WA",42.53,
Cleared,09/19/2024,"TST* HATBACK BAR & GRI SEATTLE WA",72.11,
Cleared,09/18/2024,"T-MOBILE PARK SEATTLE WA null XXXXXXXXXXXX5191",8.82,
Cleared,09/18/2024,"T-MOBILE PARK SEATTLE WA null XXXXXXXXXXXX5191",8.82,
Cleared,09/17/2024,"TST* THE WESTY ROOSEVE SEATTLE WA null XXXXXXXXXXXX5191",9.83,
Cleared,09/15/2024,"APPLE.COM/BILL CUPERTINO CA null XXXXXXXXXXXX9835",20.96,
Cleared,09/14/2024,"QFC #5807 SEATTLE WA null XXXXXXXXXXXX5191",85.52,
Cleared,09/14/2024,"METROPOLITAN MKT 156 SEATTLE WA null XXXXXXXXXXXX5191",18.23,
Cleared,09/13/2024,"IKEA 463014511 BALTIMORE MD",549.52,
Cleared,09/12/2024,"NATIONAL BARRICADE CO SEATTLE WA null XXXXXXXXXXXX5191",2.76,
Cleared,09/12/2024,"THE GRATEFUL BREAD SEATTLE WA null XXXXXXXXXXXX5191",12.62,
Cleared,09/12/2024,"METROPOLITAN MKT 156 SEATTLE WA null XXXXXXXXXXXX5191",24.96,
Cleared,09/11/2024,"76 - THE POINT SEATTLE WA",19.52,
Cleared,09/11/2024,"SCHLPAY*SEATTLE PS SEATTLE WA",93.59,
Cleared,09/11/2024,"ARCO#07112ARCO #071QPS BELLEVUE WA",43.97,
Cleared,09/09/2024,"QFC #5807 SEATTLE WA null XXXXXXXXXXXX5191",127.12,
Cleared,09/09/2024,"OLAF'S SEATTLE WA",21.00,
Cleared,09/08/2024,"PY *BASECAMP BOOKS AND ROSLYN WA null XXXXXXXXXXXX5191",13.91,
Cleared,09/08/2024,"PY *BASECAMP BOOKS AND ROSLYN WA",28.00,
Cleared,09/08/2024,"LITTLE RED HEN SEATTLE WA",10.00,
Cleared,09/07/2024,"PILOT 1195 ELLENSBURG WA null XXXXXXXXXXXX5191",14.41,
Cleared,09/07/2024,"PILOT 1195 ELLENSBURG WA",38.19,
Cleared,09/07/2024,"STEWART LODGE CLE ELUM WA",196.90,
Cleared,09/06/2024,"THE GORGE AMPHITHEATRE QUINCY WA null XXXXXXXXXXXX5191",17.23,
Cleared,09/06/2024,"DAIRY QUEEN #18955 CLE ELUM WA",27.74,
Cleared,09/06/2024,"NATIONAL BARRICADE CO SEATTLE WA",49.66,
Cleared,09/04/2024,"SAFEWAY #0423 SEATTLE WA null XXXXXXXXXXXX5191",3.95,
Cleared,09/04/2024,"SAFEWAY #0423 SEATTLE WA null XXXXXXXXXXXX5191",16.07,
Cleared,09/04/2024,"ARCO#07112ARCO #071QPS BELLEVUE WA",50.99,
Cleared,09/04/2024,"CAMPBELLS LODGE CHELAN WA",26.02,
Cleared,09/04/2024,"WEST COAST DRUM SHOP BELLEVUE WA null XXXXXXXXXXXX5191",31.38,
Cleared,09/04/2024,"ST SUBSCRIPTIONS 8886247323 WA",15.96,
Cleared,09/03/2024,"ASSUMPTION-ST BRIDGET SEATTLE WA",65.00,
Cleared,09/02/2024,"QFC #5807 SEATTLE WA null XXXXXXXXXXXX5191",186.96,
Cleared,09/02/2024,"FEDEX OFFIC51800051847 SEATTLE WA",2.68,
Cleared,09/02/2024,"FEDEX OFFIC51800051847 SEATTLE WA",4.86,
Cleared,09/02/2024,"FEDEX OFFIC51800051847 SEATTLE WA",5.82,
Cleared,08/31/2024,"SQ *SEATTLE GRAND CENT Seattle WA null XXXXXXXXXXXX5191",11.11,
Cleared,08/30/2024,"VIEW RIDGE SWIMMING & SEATTLE WA null XXXXXXXXXXXX5191",7.00,
Cleared,08/29/2024,"76 - THE POINT SEATTLE WA",38.63,
Cleared,08/29/2024,"REI #116 ISSAQUAH ISSAQUAH WA null XXXXXXXXXXXX5191",154.42,
Cleared,08/28/2024,"TRADER JOE S #147 SEATTLE WA null XXXXXXXXXXXX5191",136.46,
Cleared,08/28/2024,"TST*MAGNUSON CAFE & BR Seattle WA null XXXXXXXXXXXX5191",51.19,
Cleared,08/27/2024,"SQ *CONOR BYRNE COOPER SEATTLE WA null XXXXXXXXXXXX5191",10.00,
Cleared,08/27/2024,"TM *GORGE AMPHITHEATRE 800-653-8000 CA null XXXXXXXXXXXX7705",125.00,
Cleared,08/26/2024,"METROPOLITAN MKT 156 SEATTLE WA null XXXXXXXXXXXX5191",49.29,
Cleared,08/25/2024,"AUTOPAY 999990000092096RAUTOPAY AUTO-PMT",,-4110.94
Cleared,08/25/2024,"SAFEWAY #1589 LEAVENWORTH WA null XXXXXXXXXXXX5191",,-60.81
Cleared,08/25/2024,"TCKTWEB*KELLYWILLIS 800-965-4827 CA",107.63,
Cleared,08/25/2024,"DAS SWEET SHOP LEAVENWORTH WA null XXXXXXXXXXXX5191",18.64,
Cleared,08/25/2024,"DAN'S FOOD MARKET LEAVENWORTH WA null XXXXXXXXXXXX5191",58.40,
Cleared,08/25/2024,"SAFEWAY #1589 LEAVENWORTH WA null XXXXXXXXXXXX5191",120.99,
Cleared,08/24/2024,"KAHLERGLENGOLFSKI LEAVENWORTH WA null XXXXXXXXXXXX5191",16.25,
Cleared,08/23/2024,"DAIRY QUEEN #18955 CLE ELUM WA",13.18,
Cleared,08/23/2024,"SAFEWAY FUEL1135 CLE ELUM WA",39.38,
Cleared,08/22/2024,"TM *GORGE AMPHITHEATRE 800-653-8000 CA null XXXXXXXXXXXX7705",99.00,
Cleared,08/22/2024,"WAVE - *NW NATURE GARD SEATTLE WA null XXXXXXXXXXXX5191",132.30,
Cleared,08/20/2024,"BARTELL DRUG 06971 SEATTLE WA null XXXXXXXXXXXX5191",,-1.86
Cleared,08/20/2024,"BARTELL DRUG 06971 SEATTLE WA null XXXXXXXXXXXX5191",12.90,
Cleared,08/18/2024,"2GC@WPZ SEATTLE WA null XXXXXXXXXXXX5191",37.31,
Cleared,08/17/2024,"PCC - GREENLAKE VILL SEATTLE WA null XXXXXXXXXXXX5191",3.99,
Cleared,08/17/2024,"METROPOLITAN MKT 156 SEATTLE WA null XXXXXXXXXXXX5191",111.69,
Cleared,08/17/2024,"TST*GREAT STATE BURGER Seattle WA null XXXXXXXXXXXX5191",28.45,
Cleared,08/16/2024,"QFC #5807 SEATTLE WA null XXXXXXXXXXXX5191",101.36,
Cleared,08/15/2024,"APPLE.COM/BILL 866-712-7753 CA null XXXXXXXXXXXX9835",20.96,
Cleared,08/14/2024,"SILVERWOOD THEME PARK ATHOL ID",,-38.13
Cleared,08/14/2024,"METROPOLITAN MKT 156 SEATTLE WA null XXXXXXXXXXXX5191",15.33,
Cleared,08/14/2024,"ARCO#07112ARCO #071QPS BELLEVUE WA",41.21,
Cleared,08/12/2024,"QFC #5807 SEATTLE WA null XXXXXXXXXXXX5191",257.13,
Cleared,08/11/2024,"2GC@WPZ SEATTLE WA null XXXXXXXXXXXX5191",20.26,
Cleared,08/10/2024,"METROPOLITAN MKT 156 SEATTLE WA null XXXXXXXXXXXX5191",27.77,
Cleared,08/09/2024,"VIEW RIDGE SWIMMING & SEATTLE WA null XXXXXXXXXXXX5191",30.00,
Cleared,08/09/2024,"TST*OLD STOVE BREWING Seattle WA null XXXXXXXXXXXX5191",10.92,
Cleared,08/09/2024,"LITTLE RED HEN SEATTLE WA",7.00,
Cleared,08/08/2024,"DAIRY QUEEN #18955 CLE ELUM WA",30.02,
Cleared,08/08/2024,"SAFEWAY FUEL1135 CLE ELUM WA",46.24,
Cleared,08/07/2024,"BI-MART 625 RATHDRUM ID null XXXXXXXXXXXX5191",55.04,
Cleared,08/07/2024,"ST SUBSCRIPTIONS 8886247323 WA",15.96,
Cleared,08/07/2024,"SILVERWOOD THEME PARK ATHOL ID",16.94,
Cleared,08/06/2024,"SLEEP INN POST FALLS ID",381.63,
Cleared,08/06/2024,"BEST LOCKERS SILVERWOO ATHOL ID",20.00,
Cleared,08/06/2024,"SILVERWOOD THEME PARK ATHOL ID",1.88,
Cleared,08/06/2024,"SILVERWOOD THEME PARK ATHOL ID null XXXXXXXXXXXX3691",10.00,
Cleared,08/05/2024,"METROPOLITAN MKT 156 SEATTLE WA null XXXXXXXXXXXX5191",24.94,
Cleared,08/05/2024,"SILVERWOOD THEME PARK ATHOL ID",515.70,
Cleared,08/05/2024,"LOVE'S #0514 INSIDE RITZVILLE WA null XXXXXXXXXXXX5191",11.49,
Cleared,08/05/2024,"DAIRY QUEEN #18955 CLE ELUM WA",33.48,
Cleared,08/05/2024,"LOVE'S #0514 OUTSIDE RITZVILLE WA",47.33,
Cleared,08/04/2024,"TST* MCMENAMINS - EDGE TROUTDALE OR null XXXXXXXXXXXX5191",13.00,
Cleared,08/04/2024,"TST* BURGERMASTER - UN SEATTLE WA null XXXXXXXXXXXX5191",17.63,
Cleared,08/04/2024,"EDGEFIELD GIFT SHOP TROUTDALE OR",70.95,
Cleared,08/04/2024,"BROWN BEAR BALLARD SEATTLE WA null XXXXXXXXXXXX5191",13.23,
Cleared,08/03/2024,"TST* MCMENAMINS - EDGE TROUTDALE OR null XXXXXXXXXXXX5191",18.00,
Cleared,08/03/2024,"BLUTOS PORTLAND OR null XXXXXXXXXXXX5191",42.55,
Cleared,08/03/2024,"TARGET 00014068 FAIRVIEW OR null XXXXXXXXXXXX5191",93.37,
Cleared,08/03/2024,"WOOD VILLAGE MARKET & TROUTDALE OR",4.29,
Cleared,08/03/2024,"WOOD VILLAGE MARKET & TROUTDALE OR",4.70,
Cleared,08/03/2024,"PILOT 151 TUMWATER WA",3.39,
Cleared,08/03/2024,"PILOT 151 TUMWATER WA",35.99,
Cleared,08/02/2024,"WOOD VILLAGE MARKET & TROUTDALE OR null XXXXXXXXXXXX5191",30.81,
Cleared,08/01/2024,"A AND W CASTLE ROCK CASTLE ROCK WA",5.38,
Cleared,08/01/2024,"SPACE AGE #202 CASTLE ROCK WA",36.95,
Cleared,08/01/2024,"YAMA SUSHI & IZAKAYA PORTLAND OR",125.35,
Cleared,08/01/2024,"SLOAN BOUTIQUE - SE HA PORTLAND OR null XXXXXXXXXXXX5191",186.00,
Cleared,07/31/2024,"MAVEN VENDING RENTON WA null XXXXXXXXXXXX5191",93.80,
Cleared,07/31/2024,"SQ *WOODLAND PARK ZOO Seattle WA null XXXXXXXXXXXX5191",20.97,
Cleared,07/31/2024,"2GC@WPZ SEATTLE WA null XXXXXXXXXXXX5191",20.76,
Cleared,07/30/2024,"QFC #5807 SEATTLE WA null XXXXXXXXXXXX5191",97.17,
Cleared,07/28/2024,"TST* THE WESTY ROOSEVE SEATTLE WA",93.85,
Cleared,07/28/2024,"BYT*KING COUNTY METRO SEATTLE WA",5.50,
Cleared,07/28/2024,"BYT*KING COUNTY METRO SEATTLE WA",5.50,
Cleared,07/28/2024,"AMZ*kjcnu2fwb Lumen Fi Seattle WA null XXXXXXXXXXXX5191",32.53,
Cleared,07/28/2024,"CENTRAL SALOON SEATTLE WA",25.73,
Cleared,07/28/2024,"CONCESSIONS @LUMEN FIE SEATTLE WA",16.48,
Cleared,07/28/2024,"THOMPSON SEATTLE F&B SEATTLE WA",63.50,
Cleared,07/27/2024,"T-MOBILE PARK SEATTLE WA null XXXXXXXXXXXX5191",41.70,
Cleared,07/27/2024,"BYT*KING COUNTY METRO SEATTLE WA",5.50,
Cleared,07/27/2024,"TM TICKETMASTER 8006538000 CA",89.53,
Cleared,07/27/2024,"SAFEWAY #0423 SEATTLE WA null XXXXXXXXXXXX5191",9.49,
Cleared,07/26/2024,"QFC #5807 SEATTLE WA null XXXXXXXXXXXX5191",120.99,
Cleared,07/26/2024,"SHELL OIL10006032014 SEATTLE WA",69.42,
Cleared,07/25/2024,"AUTOPAY 999990000092096RAUTOPAY AUTO-PMT",,-6396.97
Cleared,07/25/2024,"VIOLENT FEMMES KRM LOS ANGELES CA null XXXXXXXXXXXX5191",50.00,
Cleared,07/25/2024,"SQ *WOODLAND PARK ZOO Seattle WA null XXXXXXXXXXXX5191",15.45,
Cleared,07/25/2024,"2GC@WPZ SEATTLE WA null XXXXXXXXXXXX5191",23.17,
Cleared,07/23/2024,"SQ *WEDGWOOD SWIM POOL Seattle WA null XXXXXXXXXXXX5191",2.00,
Cleared,07/23/2024,"SQ *WEDGWOOD SWIM POOL Seattle WA null XXXXXXXXXXXX5191",4.00,
Cleared,07/23/2024,"SQ *WEDGWOOD SWIM POOL Seattle WA null XXXXXXXXXXXX5191",10.00,
Cleared,07/23/2024,"VIEW RIDGE SWIMMING & SEATTLE WA null XXXXXXXXXXXX5191",30.00,
Cleared,07/22/2024,"QFC #5807 SEATTLE WA null XXXXXXXXXXXX5191",115.11,
Cleared,07/21/2024,"LITTLE RED HEN SEATTLE WA",7.00,
Cleared,07/21/2024,"LITTLE RED HEN SEATTLE WA",34.70,
Cleared,07/20/2024,"QFC #5807 SEATTLE WA null XXXXXXXXXXXX5191",3.29,
Cleared,07/20/2024,"SQ *SHAKE SHACK Seattle WA null XXXXXXXXXXXX5191",21.82,
Cleared,07/20/2024,"BARTELL DRUG 06931 SEATTLE WA null XXXXXXXXXXXX5191",22.06,
Cleared,07/20/2024,"METROPOLITAN MKT 156 SEATTLE WA null XXXXXXXXXXXX5191",36.02,
Cleared,07/19/2024,"SQ *L ITALIANO FOODTRU Bellevue WA",36.01,
Cleared,07/19/2024,"PCC - ISSAQUAH ISSAQUAH WA null XXXXXXXXXXXX5191",35.92,
Cleared,07/18/2024,"TST* ZEEK'S PIZZA - GR SEATTLE WA null XXXXXXXXXXXX5191",2.21,
Cleared,07/18/2024,"MoI Seattle LLC Seattle WA null XXXXXXXXXXXX5191",29.78,
Cleared,07/17/2024,"APPLE.COM/BILL 866-712-7753 CA null XXXXXXXXXXXX9835",20.96,
Cleared,07/17/2024,"QFC #5807 SEATTLE WA null XXXXXXXXXXXX5191",6.98,
Cleared,07/16/2024,"APPLE STORE #R072 SEATTLE WA null XXXXXXXXXXXX5191",,-77.19
Cleared,07/16/2024,"APPLE STORE #R072 SEATTLE WA null XXXXXXXXXXXX5191",77.19,
Cleared,07/16/2024,"ARCO#07112ARCO #071QPS BELLEVUE WA",22.18,
Cleared,07/15/2024,"QFC #5807 SEATTLE WA null XXXXXXXXXXXX5191",41.96,
Cleared,07/15/2024,"AMTRAK T1972272131060 WASHINGTON DC",53.00,
Cleared,07/15/2024,"AMTRAK T1972272130104 WASHINGTON DC",53.00,
Cleared,07/14/2024,"TST* MCMENAMINS - EDGE TROUTDALE OR null XXXXXXXXXXXX5191",6.00,
Cleared,07/14/2024,"TST* MCMENAMINS - EDGE TROUTDALE OR null XXXXXXXXXXXX5191",9.00,
Cleared,07/14/2024,"TST* MCMENAMINS - EDGE TROUTDALE OR null XXXXXXXXXXXX5191",13.00,
Cleared,07/14/2024,"TST* MCMENAMINS - EDGE TROUTDALE OR null XXXXXXXXXXXX5191",13.50,
Cleared,07/14/2024,"SPACE AGE #202 CASTLE ROCK WA null XXXXXXXXXXXX5191",4.89,
Cleared,07/14/2024,"SPACE AGE #202 CASTLE ROCK WA null XXXXXXXXXXXX5191",53.14,
Cleared,07/14/2024,"TACO TIME KELSO KELSO WA null XXXXXXXXXXXX5191",10.46,
Cleared,07/13/2024,"TST* REVOLUTION HALL Portland OR null XXXXXXXXXXXX5191",9.00,
Cleared,07/13/2024,"TST* REVOLUTION HALL Portland OR null XXXXXXXXXXXX5191",15.00,
Cleared,07/12/2024,"DAIRY QUEEN #18955 CLE ELUM WA",29.88,
Cleared,07/12/2024,"SAFEWAY FUEL1135 CLE ELUM WA",24.19,
Cleared,07/11/2024,"PY *WESTSIDE PIZZA CHELAN WA null XXXXXXXXXXXX5191",24.19,
Cleared,07/11/2024,"SAFEWAY #3265 CHELAN WA null XXXXXXXXXXXX5191",27.37,
Cleared,07/10/2024,"ST SUBSCRIPTIONS 8886247323 WA",15.96,
Cleared,07/10/2024,"SQ *THE LANDING ICE CR Chelan WA",24.74,
Cleared,07/09/2024,"TST* ZEEK'S PIZZA - GR SEATTLE WA null XXXXXXXXXXXX5191",6.52,
Cleared,07/09/2024,"DAIRY QUEEN #18955 CLE ELUM WA",22.13,
Cleared,07/09/2024,"CAMPBELLS LODGE CHELAN WA",933.54,
Cleared,07/09/2024,"SAFEWAY #0423 SEATTLE WA null XXXXXXXXXXXX5191",2.99,
Cleared,07/09/2024,"SAFEWAY #0423 SEATTLE WA null XXXXXXXXXXXX5191",49.59,
Cleared,07/09/2024,"SAFEWAY #3265 CHELAN WA null XXXXXXXXXXXX5191",129.26,
Cleared,07/09/2024,"SAFEWAY FUEL1135 CLE ELUM WA",54.13,
Cleared,07/08/2024,"QFC #5807 SEATTLE WA null XXXXXXXXXXXX5191",44.23,
Cleared,07/08/2024,"BARTELL DRUG 06931 SEATTLE WA null XXXXXXXXXXXX5191",29.11,
Cleared,07/08/2024,"VIEW RIDGE SWIMMING & SEATTLE WA null XXXXXXXXXXXX5191",40.00,
Cleared,07/06/2024,"TCKTWEB*SOFTCULTPRESEN 800-965-4827 CA",62.04,
Cleared,07/06/2024,"TST* THE CROCODILE Seattle WA null XXXXXXXXXXXX5191",12.03,
Cleared,07/05/2024,"SWANSONS SHOE REPAIR SEATTLE WA null XXXXXXXXXXXX5191",48.51,
Cleared,07/04/2024,"METROPOLITAN MKT 156 SEATTLE WA null XXXXXXXXXXXX5191",8.67,
Cleared,07/04/2024,"7-ELEVEN 14396 SEATTLE WA null XXXXXXXXXXXX5191",23.96,
Cleared,07/04/2024,"METROPOLITAN MKT 156 SEATTLE WA null XXXXXXXXXXXX5191",43.78,
Cleared,07/03/2024,"RONALD GENERAL STORE RONALD WA",11.86,
Cleared,07/03/2024,"RONALD GENERAL STORE RONALD WA",21.80,
Cleared,07/03/2024,"SQ *ACTIVITY CENTER AT Cle Elum WA null XXXXXXXXXXXX5191",20.00,
Cleared,07/03/2024,"APPLE.COM/BILL CUPERTINO CA null XXXXXXXXXXXX9835",39.71,
Cleared,07/03/2024,"TM *CYNDI LAUPER GIRLS 800-653-8000 CA null XXXXXXXXXXXX5191",247.71,
Cleared,07/02/2024,"THE BRICK SALOON ROSLYN WA",9.30,
Cleared,07/02/2024,"THE BRICK SALOON ROSLYN WA",30.37,
Cleared,07/02/2024,"ROSLYN MEXICAN GRILL ROSLYN WA",41.63,
Cleared,07/02/2024,"SHELL OIL 636210302QPS CLE ELUM WA",2.69,
Cleared,07/02/2024,"SHELL OIL 636210302QPS CLE ELUM WA",38.57,
Cleared,07/01/2024,"QFC #5807 SEATTLE WA null XXXXXXXXXXXX5191",155.20,
Cleared,07/01/2024,"ARCO#07112ARCO #071QPS BELLEVUE WA",27.40,
Cleared,06/30/2024,"SEATTLE MONORAIL SERVI SEATTLE WA null XXXXXXXXXXXX5191",5.25,
Cleared,06/30/2024,"HILTON SEATTLE BANQUET SEATTLE WA",34.43,
Cleared,06/30/2024,"KIMPTON HOTEL MONACO F SEATTLE WA",14.04,
Cleared,06/29/2024,"QFC #5807 SEATTLE WA null XXXXXXXXXXXX5191",85.81,
Cleared,06/29/2024,"TRADER JOE S #137 SEATTLE WA null XXXXXXXXXXXX5191",109.33,
Cleared,06/29/2024,"BARTELL DRUG 06931 SEATTLE WA null XXXXXXXXXXXX5191",40.81,
Cleared,06/29/2024,"METROPOLITAN MKT 156 SEATTLE WA null XXXXXXXXXXXX5191",5.99,
Cleared,06/28/2024,"LUDUS.COM* YOUNG AMERI HOLLAND MI null XXXXXXXXXXXX5191",27.00,
Cleared,06/28/2024,"JEFFS AUTO REPAIR 8004 SEATTLE WA",899.58,
Cleared,06/28/2024,"MAPLE LEAF ACE SEATTLE WA null XXXXXXXXXXXX5191",13.55,
Cleared,06/27/2024,"VIEW RIDGE SWIMMING & SEATTLE WA null XXXXXXXXXXXX5191",7.50,
Cleared,06/27/2024,"VIEW RIDGE SWIMMING & SEATTLE WA null XXXXXXXXXXXX5191",25.00,
Cleared,06/27/2024,"TST* MAGNUSON CAFE & B Seattle WA null XXXXXXXXXXXX5191",44.89,
Cleared,06/26/2024,"SQ *RETREAT SEATTLE WA null XXXXXXXXXXXX5191",12.02,
Cleared,06/26/2024,"SQ *RETREAT SEATTLE WA null XXXXXXXXXXXX5191",21.09,
Cleared,06/26/2024,"LITTLE RED HEN SEATTLE WA",7.00,
Cleared,06/25/2024,"AUTOPAY 999990000092096RAUTOPAY AUTO-PMT",,-2801.32
Cleared,06/25/2024,"FANDANGO 8003263264 CA",32.76,
Cleared,06/25/2024,"MAJESTIC BAY THEATRES SEATTLE WA",6.00,
Cleared,06/25/2024,"MAJESTIC BAY THEATRES SEATTLE WA",29.81,
Cleared,06/25/2024,"BARTELL DRUG 06971 SEATTLE WA null XXXXXXXXXXXX5191",4.18,
Cleared,06/25/2024,"SAFEWAY #0423 SEATTLE WA null XXXXXXXXXXXX5191",129.96,
Cleared,06/24/2024,"LUDUS.COM* YOUNG AMERI HOLLAND MI",97.50,
Cleared,06/23/2024,"BABELAND - EAST PIKE SEATTLE WA null XXXXXXXXXXXX5191",138.04,
Cleared,06/23/2024,"QFC #5807 SEATTLE WA null XXXXXXXXXXXX5191",239.82,
Cleared,06/23/2024,"LITTLE RED HEN SEATTLE WA",28.00,
Cleared,06/22/2024,"TST* KIDD VALLEY - 804 Seattle WA null XXXXXXXXXXXX5191",45.67,
Cleared,06/22/2024,"AIRBNB HMWMKMX43P 4158005959 CA null XXXXXXXXXXXX6300",595.47,
Cleared,06/21/2024,"SQ *VASSILI PROD. LLC Seattle WA null XXXXXXXXXXXX5191",10.50,
Cleared,06/21/2024,"SHELL OIL10047105019 PRESTON WA null XXXXXXXXXXXX5191",6.48,
Cleared,06/21/2024,"TST* MAGNUSON CAFE & B Seattle WA null XXXXXXXXXXXX5191",9.28,
Cleared,06/21/2024,"TST* MAGNUSON CAFE & B Seattle WA null XXXXXXXXXXXX5191",60.42,
Cleared,06/21/2024,"SHELL OIL10047105019 PRESTON WA",64.17,
Cleared,06/20/2024,"REI.COM 800-426-4840 800-426-4840 WA",56.04,
Cleared,06/20/2024,"BARTELL DRUG 06973 SEATTLE WA null XXXXXXXXXXXX5191",34.95,
Cleared,06/19/2024,"WEST COAST DRUM SHOP BELLEVUE WA null XXXXXXXXXXXX5191",209.38,
Cleared,06/18/2024,"IKEA SEATLE REST RENTON WA null XXXXXXXXXXXX5191",5.52,
Cleared,06/18/2024,"IKEA SEATLE REST RENTON WA null XXXXXXXXXXXX5191",9.38,
Cleared,06/18/2024,"REI #78 TUKWILA TUKWILA WA null XXXXXXXXXXXX5191",16.89,
Cleared,06/18/2024,"GUITAR CENTER #233 TUKWILA WA null XXXXXXXXXXXX5191",176.31,
Cleared,06/18/2024,"IKEA SEATLE RENTON WA null XXXXXXXXXXXX5191",317.52,
Cleared,06/16/2024,"STATE PARKS DISCOVER P SEATTLE WA",35.00,
Cleared,06/16/2024,"TST* KIDD VALLEY - 804 Seattle WA null XXXXXXXXXXXX5191",37.94,
Cleared,06/16/2024,"METROPOLITAN MKT 156 SEATTLE WA null XXXXXXXXXXXX5191",24.35,
Cleared,06/15/2024,"QFC #5807 SEATTLE WA null XXXXXXXXXXXX5191",56.56,
Cleared,06/15/2024,"APPLE.COM/BILL 866-712-7753 CA null XXXXXXXXXXXX9835",20.96,
Cleared,06/15/2024,"TM *STURGILL SIMPSON 800-653-8000 CA",968.71,
Cleared,06/13/2024,"CONOR BYRNE COOPERATIV SEATTLE WA null XXXXXXXXXXXX5191",309.58,
Cleared,06/13/2024,"BABELAND - EAST PIKE SEATTLE WA null XXXXXXXXXXXX5191",33.12,
Cleared,06/13/2024,"SHELL OIL10006137011 SEATTLE WA",35.00,
Cleared,06/13/2024,"SWANSONS SHOE REPAIR SEATTLE WA null XXXXXXXXXXXX5191",55.13,
Cleared,06/12/2024,"ST SUBSCRIPTIONS 8886247323 WA",15.96,
Cleared,06/11/2024,"METROPOLITAN MKT 156 SEATTLE WA null XXXXXXXXXXXX5191",43.23,
Cleared,06/10/2024,"TST* OUTSIDER BBQ SEATTLE WA null XXXXXXXXXXXX5191",19.34,
Cleared,06/10/2024,"TRADER JOE S #137 SEATTLE WA null XXXXXXXXXXXX5191",193.26,
Cleared,06/10/2024,"BARTELL DRUG 06931 SEATTLE WA null XXXXXXXXXXXX5191",0.73,
Cleared,06/09/2024,"DISCOVERYOURNORTHWEST 877-874-6775 WA",6.00,
Cleared,06/09/2024,"SCOOTER S BURGER SEATTLE WA null XXXXXXXXXXXX5191",8.57,
Cleared,06/08/2024,"SHANTY TAVERN SEATTLE WA",12.25,
Cleared,06/08/2024,"METROPOLITAN MKT 156 SEATTLE WA null XXXXXXXXXXXX5191",66.93,
Cleared,06/07/2024,"WAVE - *NW NATURE GARD SEATTLE WA null XXXXXXXXXXXX5191",132.30,
Cleared,06/06/2024,"SQ *LITTLE CONEY SEATTLE WA null XXXXXXXXXXXX5191",8.00,
Cleared,06/06/2024,"CHEVRON 0097258 SEATTLE WA",67.66,
Cleared,06/04/2024,"METROPOLITAN MKT 156 SEATTLE WA null XXXXXXXXXXXX5191",25.54,
Cleared,06/04/2024,"CITY PEOPLE`S MERC SEATTLE WA null XXXXXXXXXXXX5191",61.42,
Cleared,06/03/2024,"SQ *LITTLE CONEY SEATTLE WA null XXXXXXXXXXXX5191",2.00,
Cleared,06/02/2024,"LITTLE RED HEN SEATTLE WA",10.70,
Cleared,06/01/2024,"TARGET 00012849 SEATTLE WA",207.94,
Cleared,06/01/2024,"METROPOLITAN MKT 156 SEATTLE WA null XXXXXXXXXXXX5191",34.63,
Cleared,06/01/2024,"BARNES & NOBLE #2280 SEATTLE WA null XXXXXXXXXXXX5191",82.76,
Cleared,05/30/2024,"PATIENT FINANCIAL SERV SEATTLE WA",130.13,
Cleared,05/30/2024,"SAFEWAY #0423 SEATTLE WA null XXXXXXXXXXXX5191",48.92,
Cleared,05/27/2024,"METROPOLITAN MKT 156 SEATTLE WA null XXXXXXXXXXXX5191",19.44,
Cleared,05/26/2024,"SCOOTER S BURGER SEATTLE WA null XXXXXXXXXXXX5191",21.83,
Cleared,05/26/2024,"LITTLE RED HEN SEATTLE WA",23.00,
Cleared,05/26/2024,"METROPOLITAN MKT 156 SEATTLE WA",62.78,
Cleared,05/25/2024,"AUTOPAY 999990000092096RAUTOPAY AUTO-PMT",,-1012.63
Cleared,05/25/2024,"BARTELL DRUG 06931 SEATTLE WA",80.12,
Cleared,05/25/2024,"ARCO#83225S & S PETQPS ISSAQUAH WA",41.31,
Cleared,05/24/2024,"76 - ROOSEVELT 76 SEATTLE WA",39.56,
Cleared,05/24/2024,"FIGUREHEAD BREWING SEATTLE WA null XXXXXXXXXXXX5191",12.05,
Cleared,05/24/2024,"FIGUREHEAD BREWING SEATTLE WA null XXXXXXXXXXXX5191",17.14,
Cleared,05/24/2024,"POUR DECISIONS SEATTLE WA",26.59,
Cleared,05/21/2024,"LES SCHWAB TIRE CTRS # SEATTLE WA null XXXXXXXXXXXX5191",1133.76,
Cleared,05/19/2024,"BARTELL DRUG 06931 SEATTLE WA null XXXXXXXXXXXX5191",71.26,
Cleared,05/19/2024,"OLAF'S SEATTLE WA",10.00,
Cleared,05/18/2024,"QFC #5807 SEATTLE WA null XXXXXXXXXXXX5191",138.37,
Cleared,05/16/2024,"D&JSPORTS.COM DALLAS TX",67.99,
Cleared,05/15/2024,"ST SUBSCRIPTIONS 8886247323 WA",15.96,
Cleared,05/15/2024,"APPLE.COM/BILL 866-712-7753 CA null XXXXXXXXXXXX9835",20.96,
Cleared,05/15/2024,"TOP POT - WEDGEWOOD SEATTLE WA",166.70,
Cleared,05/15/2024,"ARCO#83663SUNSET GAQPS BELLEVUE WA",65.83,
Cleared,05/13/2024,"QFC #5807 SEATTLE WA null XXXXXXXXXXXX5191",147.12,
Cleared,05/12/2024,"Patreon* Membership Internet CA null XXXXXXXXXXXX9835",5.52,
Cleared,05/11/2024,"APPLE.COM/BILL 866-712-7753 CA",9.99,
Cleared,05/03/2024,"ST SUBSCRIPTIONS 8886247323 WA",15.96,
Cleared,04/29/2024,"APPLE.COM/BILL 866-712-7753 CA null XXXXXXXXXXXX9835",0.54,
Cleared,04/26/2024,"PARAMOUNT+ WEST HOLLYWOO CA",13.23,
Cleared,04/25/2024,"AUTOPAY 999990000092096RAUTOPAY AUTO-PMT",,-1713.77
Cleared,04/21/2024,"UBER TRIP 8005928996 CA null XXXXXXXXXXXX9078",33.50,
Cleared,04/20/2024,"APPLE.COM/BILL 866-712-7753 CA null XXXXXXXXXXXX9835",14.33,
Cleared,04/19/2024,"APPLE.COM/BILL 866-712-7753 CA",11.02,
Cleared,04/14/2024,"UBER TRIP 8005928996 CA null XXXXXXXXXXXX9078",21.01,
Cleared,04/12/2024,"Patreon* Membership Internet CA null XXXXXXXXXXXX9835",5.52,
Cleared,04/11/2024,"APPLE.COM/BILL 866-712-7753 CA",9.99,
Cleared,04/10/2024,"AMZ*78wm51e5b DFW Grab DALLAS TX null XXXXXXXXXXXX2125",15.56,
Cleared,04/10/2024,"QFC #5807 SEATTLE WA null XXXXXXXXXXXX2125",44.70,
Cleared,04/10/2024,"City of Austin, TX Charlotte NC null XXXXXXXXXXXX2125",6.30,
Cleared,04/09/2024,"UBER TRIP 8005928996 CA null XXXXXXXXXXXX9078",9.21,
Cleared,04/09/2024,"MOI AUSTIN AUSTIN TX null XXXXXXXXXXXX2125",107.17,
Cleared,04/09/2024,"SQ *PRIMIZIE CATERING AUSTIN TX null XXXXXXXXXXXX2125",22.65,
Cleared,04/08/2024,"City of Austin, TX Charlotte NC null XXXXXXXXXXXX2125",7.30,
Cleared,04/08/2024,"LS PRIMA DORA GEORGET GEORGETOWN TX null XXXXXXXXXXXX2125",21.63,
Cleared,04/08/2024,"INNER SPACE CAVERN GEORGETOWN TX null XXXXXXXXXXXX2125",3.01,
Cleared,04/08/2024,"INNER SPACE CAVERN GEORGETOWN TX null XXXXXXXXXXXX2125",8.64,
Cleared,04/08/2024,"SQ *SAM'S TOWN POINT Austin TX null XXXXXXXXXXXX2125",10.00,
Cleared,04/08/2024,"INNER SPACE CAVERN GEORGETOWN TX null XXXXXXXXXXXX2125",63.70,
Cleared,04/08/2024,"SQ *THE BAKED BEAR GEO Georgetown TX null XXXXXXXXXXXX2125",31.85,
Cleared,04/08/2024,"RANDALLS #2485 AUSTIN TX null XXXXXXXXXXXX2125",16.75,
Cleared,04/07/2024,"UBER TRIP 8005928996 CA null XXXXXXXXXXXX9078",12.02,
Cleared,04/07/2024,"UBER TRIP 8005928996 CA null XXXXXXXXXXXX9078",13.19,
Cleared,04/07/2024,"TST* HOME SLICE PIZZA Austin TX null XXXXXXXXXXXX2125",13.56,
Cleared,04/06/2024,"City of Austin, TX Charlotte NC null XXXXXXXXXXXX2125",8.47,
Cleared,04/06/2024,"BITLOCKS.NET AUSTIN TX null XXXXXXXXXXXX2125",10.60,
Cleared,04/06/2024,"UNCOMMON OBJECTS AUSTIN TX null XXXXXXXXXXXX2125",46.83,
Cleared,04/06/2024,"TST* JO'S COFFEE - SOU AUSTIN TX null XXXXXXXXXXXX2125",51.71,
Cleared,04/06/2024,"UBER TRIP 8005928996 CA null XXXXXXXXXXXX9078",10.21,
Cleared,04/06/2024,"UBER TRIP 8005928996 CA null XXXXXXXXXXXX9078",11.04,
Cleared,04/06/2024,"UBER TRIP 8005928996 CA null XXXXXXXXXXXX9078",13.83,
Cleared,04/06/2024,"SQ *SAM'S TOWN POINT Austin TX null XXXXXXXXXXXX2125",20.00,
Cleared,04/06/2024,"PP*1ST FOOD MART AUSTIN TX null XXXXXXXXXXXX2125",32.60,
Cleared,04/06/2024,"PAPER WORK AUSTIN TX null XXXXXXXXXXXX2125",36.81,
Cleared,04/06/2024,"TST* HOME SLICE PIZZA Austin TX null XXXXXXXXXXXX2125",47.92,
Cleared,04/06/2024,"VENDING AUSTIN TX null XXXXXXXXXXXX2125",1.35,
Cleared,04/05/2024,"UBER TRIP 8005928996 CA null XXXXXXXXXXXX9078",8.01,
Cleared,04/05/2024,"SQ *TACOS BIRRIA Austin TX null XXXXXXXXXXXX2125",20.70,
Cleared,04/05/2024,"BLUEBONNET FOOD MART AUSTIN TX null XXXXXXXXXXXX2125",2.81,
Cleared,04/05/2024,"UBER TRIP 8005928996 CA null XXXXXXXXXXXX9078",9.53,
Cleared,04/05/2024,"UBER TRIP 8005928996 CA null XXXXXXXXXXXX9078",9.86,
Cleared,04/05/2024,"SQ *SAM'S TOWN POINT Austin TX null XXXXXXXXXXXX2125",10.00,
Cleared,04/05/2024,"UBER TRIP 8005928996 CA null XXXXXXXXXXXX9078",11.82,
Cleared,04/05/2024,"UBER TRIP 8005928996 CA null XXXXXXXXXXXX9078",13.07,
Cleared,04/05/2024,"UBER TRIP 8005928996 CA null XXXXXXXXXXXX9078",13.40,
Cleared,04/05/2024,"BLUEBONNET FOOD MART AUSTIN TX null XXXXXXXXXXXX2125",22.03,
Cleared,04/04/2024,"UBER TRIP 8005928996 CA null XXXXXXXXXXXX9078",10.29,
Cleared,04/04/2024,"UBER TRIP 8005928996 CA null XXXXXXXXXXXX9078",11.79,
Cleared,04/04/2024,"UBER TRIP 8005928996 CA null XXXXXXXXXXXX9078",12.63,
Cleared,04/04/2024,"SQ *AUSTIN SWING SYNDI Austin TX null XXXXXXXXXXXX2125",15.00,
Cleared,04/04/2024,"UBER TRIP 8005928996 CA null XXXXXXXXXXXX9078",17.98,
Cleared,04/04/2024,"FOREIGN TRANSACTION FEE",7.58,
Cleared,04/03/2024,"TERRY BLACKS BARBECUE AUSTIN TX null XXXXXXXXXXXX2125",26.54,
Cleared,04/03/2024,"UBER TRIP 8005928996 CA null XXXXXXXXXXXX9078",6.97,
Cleared,04/03/2024,"SQ *SAM'S TOWN POINT Austin TX null XXXXXXXXXXXX2125",10.00,
Cleared,04/03/2024,"UBER TRIP 8005928996 CA null XXXXXXXXXXXX9078",18.29,
Cleared,04/02/2024,"UBER TRIP 8005928996 CA null XXXXXXXXXXXX9078",23.08,
Cleared,04/02/2024,"TRADER JOE S #452 AUSTIN TX null XXXXXXXXXXXX2125",54.28,
Cleared,04/02/2024,"UBER TRIP 8005928996 CA null XXXXXXXXXXXX9078",25.02,
Cleared,04/02/2024,"UBER TRIP 8005928996 CA null XXXXXXXXXXXX9078",15.70,
Cleared,04/01/2024,"EMBARQUE WHISKEY GRILL SEATTLE WA null XXXXXXXXXXXX2125",6.59,
Cleared,04/01/2024,"PIKE&PINE ST2275 SEATTLE WA null XXXXXXXXXXXX2125",9.99,
Cleared,04/01/2024,"SQ *SAM'S TOWN POINT Austin TX null XXXXXXXXXXXX2125",10.00,
Cleared,04/01/2024,"ALASKA AIR IN FLIGHT SEATAC WA",11.50,
Cleared,04/01/2024,"SEA BAD EGG 6951118 TUKWILA WA null XXXXXXXXXXXX2125",14.22,
Cleared,03/31/2024,"GRETCHEN'S PLACE SEATTLE WA null XXXXXXXXXXXX2125",3.42,
Cleared,03/31/2024,"SAFEWAY #0423 SEATTLE WA null XXXXXXXXXXXX2125",4.29,
Cleared,03/31/2024,"ALASKA A0272365760104 SEATTLE WA",30.00,
Cleared,03/31/2024,"SAFEWAY #0423 SEATTLE WA null XXXXXXXXXXXX2125",35.62,
Cleared,03/30/2024,"UBER TRIP 8005928996 CA null XXXXXXXXXXXX9078",21.06,
Cleared,03/28/2024,"QFC #5808 BELLEVUE WA null XXXXXXXXXXXX2125",12.95,
Cleared,03/28/2024,"METROPOLITAN MKT 156 SEATTLE WA null XXXXXXXXXXXX2125",21.47,
Cleared,03/26/2024,"APPLE.COM/BILL 866-712-7753 CA null XXXXXXXXXXXX9835",14.32,
Cleared,03/26/2024,"PARAMOUNT+ WEST HOLLYWOO CA",13.22,
Cleared,03/25/2024,"AUTOPAY 999990000092096RAUTOPAY AUTO-PMT",,-5008.59
Cleared,03/23/2024,"QFC #5807 SEATTLE WA null XXXXXXXXXXXX2125",136.19,
Cleared,03/23/2024,"TST* BLAZING BAGELS - Seattle WA null XXXXXXXXXXXX2125",16.00,
Cleared,03/22/2024,"TST* KIDD VALLEY - 804 Seattle WA null XXXXXXXXXXXX2125",42.48,
Cleared,03/21/2024,"METROPOLITAN MKT 156 SEATTLE WA null XXXXXXXXXXXX2125",31.44,
Cleared,03/21/2024,"SAFEWAY #0423 SEATTLE WA null XXXXXXXXXXXX2125",7.49,
Cleared,03/21/2024,"SAFEWAY #0423 SEATTLE WA null XXXXXXXXXXXX2125",49.59,
Cleared,03/20/2024,"SQ *CONOR BYRNE PUB Seattle WA",24.50,
Cleared,03/20/2024,"ST SUBSCRIPTIONS 8886247323 WA",15.96,
Cleared,03/20/2024,"VENTA A BORDO VOLARIS CIUDAD DE MEX MEX",40.83,
Cleared,03/20/2024,"VENTA A BORDO VOLARIS CIUDAD DE MEX MEX",46.08,
Cleared,03/19/2024,"APPLE.COM/BILL 866-712-7753 CA",11.01,
Cleared,03/19/2024,"HUERTO CAFE CHAPALA JAL MEX",22.35,
Cleared,03/19/2024,"AIRBNB HMD2KSN3PM 4158005959 CA null XXXXXXXXXXXX6300",272.90,
Cleared,03/18/2024,"OXXOPUERTA AJIJIC CHAPALA JAL MEX",11.16,
Cleared,03/17/2024,"REST EL BAR CO CHAPALA JAL MEX",38.63,
Cleared,03/17/2024,"VINOS Y LICORES CHAVAL CHAPALA JAL MEX",7.20,
Cleared,03/17/2024,"VINOS Y LICORES CHAVAL CHAPALA JAL MEX",9.90,
Cleared,03/16/2024,"UBER TRIP 8005928996 CA null XXXXXXXXXXXX9078",24.90,
Cleared,03/16/2024,"MERPAGO*PANCHA CIUDAD DE MEX MEX",19.94,
Cleared,03/15/2024,"GRETCHEN'S PLACE SEATTLE WA null XXXXXXXXXXXX2125",15.94,
Cleared,03/15/2024,"SEA SMITH COVE 6951113 SEATAC WA null XXXXXXXXXXXX2125",28.81,
Cleared,03/15/2024,"REST RICARDO LAREDO CHAPALA JAL MEX",58.09,
Cleared,03/14/2024,"GOOGLE *Google Storage 855-836-3987 CA",110.24,
Cleared,03/13/2024,"ARCO#07112ARCO #071QPS BELLEVUE WA",52.18,
Cleared,03/12/2024,"TST* MAGNUSON CAFE & B Seattle WA null XXXXXXXXXXXX2125",18.21,
Cleared,03/11/2024,"APPLE.COM/BILL 866-712-7753 CA",9.99,
Cleared,03/11/2024,"Patreon* Membership Internet CA null XXXXXXXXXXXX9835",5.51,
Cleared,03/11/2024,"QFC #5807 SEATTLE WA null XXXXXXXXXXXX2125",110.67,
Cleared,03/10/2024,"LITTLE RED HEN SEATTLE WA",15.10,
Cleared,03/08/2024,"SQ *SEATTLE GRAND CENT Seattle WA null XXXXXXXXXXXX2125",9.51,
Cleared,03/08/2024,"LITTLE RED HEN SEATTLE WA",14.00,
Cleared,03/07/2024,"THE GRATEFUL BREAD SEATTLE WA null XXXXXXXXXXXX2125",9.50,
Cleared,03/06/2024,"WEST COAST DRUM SHOP BELLEVUE WA null XXXXXXXXXXXX2125",31.36,
Cleared,03/04/2024,"TRADER JOE S #147 SEATTLE WA null XXXXXXXXXXXX2125",34.29,
Cleared,03/02/2024,"SAFEWAY #0423 SEATTLE WA null XXXXXXXXXXXX2125",138.49,
Cleared,03/02/2024,"ARCO#07112ARCO #071QPS BELLEVUE WA",60.46,
Cleared,02/28/2024,"SHINGLETOWN PUB SEATTLE WA",17.96,
Cleared,02/28/2024,"SDOT PAYBYPHONE PARKIN SEATTLE WA null XXXXXXXXXXXX2125",3.80,
Cleared,02/27/2024,"QFC #5891 SEATTLE WA null XXXXXXXXXXXX2125",46.37,
Cleared,02/27/2024,"SWANSONS SHOE REPAIR SEATTLE WA null XXXXXXXXXXXX2125",94.82,
Cleared,02/26/2024,"PARAMOUNT+ WEST HOLLYWOO CA",13.22,
Cleared,02/25/2024,"AUTOPAY 999990000092096RAUTOPAY AUTO-PMT",,-6171.74
Cleared,02/25/2024,"TST* ZEEK'S PIZZA - RA SEATTLE WA",67.25,
Cleared,02/24/2024,"FEVO* SEATTLE UNIVER NEW YORK CITY NY",56.52,
Cleared,02/23/2024,"TST* KIDD VALLEY - 804 Seattle WA null XXXXXXXXXXXX2125",45.61,
Cleared,02/23/2024,"CAMPBELLS LODGE CHELAN WA",461.20,
Cleared,02/22/2024,"WOODLAND PARK ZOO SEATTLE WA",75.00,
Cleared,02/22/2024,"QFC #5807 SEATTLE WA null XXXXXXXXXXXX2125",138.75,
Cleared,02/22/2024,"WOODLAND PARK ZOO 8005143849 NC",119.48,
Cleared,02/22/2024,"WOODLAND PARK ZOO 8005143849 NC",232.78,
Cleared,02/22/2024,"WOODLAND PARK ZOO 8005143849 NC",243.08,
Cleared,02/22/2024,"WOODLAND PARK ZOO 8005143849 NC",263.68,
Cleared,02/21/2024,"ST SUBSCRIPTIONS 8886247323 WA",15.96,
Cleared,02/21/2024,"THE HOME DEPOT 4711 BELLEVUE WA",404.02,
Cleared,02/20/2024,"TST* LUPO Seattle WA",96.48,
Cleared,02/20/2024,"76 - DBA FREMONT FOOD SEATTLE WA",59.70,
Cleared,02/19/2024,"APPLE.COM/BILL CUPERTINO CA",11.01,
Cleared,02/18/2024,"TRADER JOE S #162 BELLEVUE WA",61.04,
Cleared,02/18/2024,"LITTLE RED HEN SEATTLE WA",9.59,
Cleared,02/17/2024,"COCA COLA BELLEVUE WA BELLEVUE WA null XXXXXXXXXXXX2125",2.10,
Cleared,02/16/2024,"APPLE.COM/BILL 866-712-7753 CA null XXXXXXXXXXXX9835",14.32,
Cleared,02/16/2024,"SP THEFRYECOMPANY FENTON MO null XXXXXXXXXXXX2125",402.87,
Cleared,02/16/2024,"SOLARIUM BELLEVUE WA null XXXXXXXXXXXX2125",4.40,
Cleared,02/16/2024,"TST* BLAZING BAGELS - Seattle WA null XXXXXXXXXXXX2125",17.00,
Cleared,02/14/2024,"WEST COAST DRUM SHOP BELLEVUE WA null XXXXXXXXXXXX2125",15.68,
Cleared,02/11/2024,"APPLE.COM/BILL 866-712-7753 CA",9.99,
Cleared,02/11/2024,"APPLE STORE #R072 SEATTLE WA null XXXXXXXXXXXX2125",43.00,
Cleared,02/11/2024,"BLVD *RUDY'S LAURELH SEATTLE WA",64.27,
Cleared,02/10/2024,"UBER TRIP 8005928996 CA null XXXXXXXXXXXX9078",23.39,
Cleared,02/10/2024,"LES SCHWAB TIRES #0302 KENMORE WA",367.41,
Cleared,02/10/2024,"UBER TRIP 8005928996 CA null XXXXXXXXXXXX9078",15.61,
Cleared,02/10/2024,"TST* KIDD VALLEY-802-K Kenmore WA null XXXXXXXXXXXX2125",10.44,
Cleared,02/10/2024,"SAFEWAY #3500 KENMORE WA null XXXXXXXXXXXX2125",187.05,
Cleared,02/10/2024,"SAFEWAY FUEL3500 KENMORE WA",30.02,
Cleared,02/09/2024,"TCKTWEB*BLITZENTRAPPER 800-965-4827 CA",128.23,
Cleared,02/09/2024,"TST* GREAT STATE BURGE Seattle WA null XXXXXXXXXXXX2125",19.57,
Cleared,02/08/2024,"UBER TRIP 8005928996 CA null XXXXXXXXXXXX9078",12.98,
Cleared,02/08/2024,"MCMENAMINS CONCERTS 8005143849 NC",281.12,
Cleared,02/07/2024,"STUBHUB, INC. 8667882482 CA null XXXXXXXXXXXX7719",465.95,
Cleared,02/07/2024,"UBER TRIP 8005928996 CA null XXXXXXXXXXXX9078",8.50,
Cleared,02/05/2024,"METROPOLITAN MKT 156 SEATTLE WA null XXXXXXXXXXXX2125",45.71,
Cleared,02/05/2024,"METROPOLITAN MKT 156 SEATTLE WA null XXXXXXXXXXXX2125",68.42,
Cleared,02/04/2024,"SEATTLE UNIV-ATHLETICS 206-296-6400 WA",12.00,
Cleared,02/03/2024,"SU CONCESSIONS CAFEQPS SEATTLE WA null XXXXXXXXXXXX2125",5.74,
Cleared,02/03/2024,"SHELL OIL10006227010 SEATTLE WA",65.34,
Cleared,02/02/2024,"ALPHA MARTIAL ARTS RAV 206-528-3737 WA",736.00,
Cleared,02/02/2024,"ALPHA MARTIAL ARTS RAV 206-528-3737 WA",2386.00,
Cleared,02/01/2024,"UBER TRIP 8005928996 CA null XXXXXXXXXXXX9078",28.93,
Cleared,02/01/2024,"BTT* STRANGER TICKETS SEATTLE WA",46.63,
Cleared,02/01/2024,"MCMENAMINS CONCERTS 8005143849 NC",147.64,
Cleared,02/01/2024,"SDOT PAYBYPHONE PARKIN SEATTLE WA null XXXXXXXXXXXX2125",0.29,
Cleared,01/31/2024,"STUBHUB, INC. 8667882482 CA null XXXXXXXXXXXX7719",448.29,
Cleared,01/31/2024,"SQ *TACOS Austin TX null XXXXXXXXXXXX2125",14.50,
Cleared,01/31/2024,"QFC #5807 SEATTLE WA null XXXXXXXXXXXX2125",102.31,
Cleared,01/30/2024,"SQ *SAM'S TOWN POINT Austin TX",10.00,
Cleared,01/30/2024,"H-E-B #755 AUSTIN TX",6.45,
Cleared,01/30/2024,"TERRY BLACK S BBQ AUSTIN TX null XXXXXXXXXXXX2125",49.44,
Cleared,01/30/2024,"TERRY BLACKS BARBECUE AUSTIN TX null XXXXXXXXXXXX2125",61.00,
Cleared,01/30/2024,"PAPER WORK AUSTIN TX null XXXXXXXXXXXX2125",53.04,
Cleared,01/30/2024,"SIGNATURE LAMAR AUSTIN TX",9.28,
Cleared,01/30/2024,"COA PARKING METERS AUSTIN TX",10.09,
Cleared,01/30/2024,"ALASKA A0272359711675 SEATTLE WA",30.00,
Cleared,01/29/2024,"LS PRIMA DORA GEORGET GEORGETOWN TX null XXXXXXXXXXXX2125",17.31,
Cleared,01/29/2024,"SQ *SAM'S TOWN POINT Austin TX null XXXXXXXXXXXX2125",10.00,
Cleared,01/29/2024,"TST* CURRAS GRILL - SO Austin TX",35.58,
Cleared,01/28/2024,"SQ *SAM'S TOWN POINT Austin TX",10.00,
Cleared,01/28/2024,"SQ *GIRL SCOUTS TROOP Austin TX",12.00,
Cleared,01/28/2024,"JOS AUSTIN TX",5.68,
Cleared,01/28/2024,"HOT BOX PIZZA & ROLLS AUSTIN TX",6.90,
Cleared,01/28/2024,"AUSTIN BEER GARDEN BRE AUSTIN TX",9.12,
Cleared,01/28/2024,"BBQ FRANK & TEX MEXICA AUSTIN TX",11.40,
Cleared,01/28/2024,"THE CONTINENTAL CLUB AUSTIN TX",12.00,
Cleared,01/27/2024,"ALASKA AIR IN FLIGHT SEATAC WA",11.50,
Cleared,01/27/2024,"91280 - AUSTIN-BERGSTR AUSTIN TX",12.00,
Cleared,01/26/2024,"PARAMOUNT+ WEST HOLLYWOO CA",13.22,
Cleared,01/26/2024,"TST* KIDD VALLEY - 804 Seattle WA null XXXXXXXXXXXX2125",27.96,
Cleared,01/26/2024,"SAFEWAY #0423 SEATTLE WA null XXXXXXXXXXXX2125",8.58,
Cleared,01/26/2024,"ALASKA A0272359371323 SEATTLE WA",30.00,
Cleared,01/25/2024,"AUTOPAY 999990000092096RAUTOPAY AUTO-PMT",,-2900.30
Cleared,01/25/2024,"LITTLE RED HEN SEATTLE WA",8.59,
Cleared,01/25/2024,"METROPOLITAN MKT 156 SEATTLE WA null XXXXXXXXXXXX2125",40.43,
Cleared,01/24/2024,"QFC #5891 SEATTLE WA null XXXXXXXXXXXX2125",39.05,
Cleared,01/24/2024,"ST SUBSCRIPTIONS 8886247323 WA",15.96,
Cleared,01/23/2024,"NORDSTROM RACK #0111 SEATTLE WA null XXXXXXXXXXXX2125",66.12,
Cleared,01/23/2024,"OFFICE DEPOT #907 SEATTLE WA null XXXXXXXXXXXX2125",65.43,
Cleared,01/21/2024,"QFC #5807 SEATTLE WA null XXXXXXXXXXXX2125",137.63,
Cleared,01/20/2024,"76 - COALFIELD RENTON WA",48.66,
Cleared,01/20/2024,"TURO INC.* TRIP JAN 27 SAN FRANCISCO CA null XXXXXXXXXXXX8686",268.64,
Cleared,01/19/2024,"APPLE.COM/BILL CUPERTINO CA",11.01,
Cleared,01/18/2024,"MCMENAMINS CONCERTS 8005143849 NC",361.44,
Cleared,01/16/2024,"APPLE.COM/BILL 866-712-7753 CA null XXXXXXXXXXXX9835",14.32,
Cleared,01/16/2024,"BARTELL DRUG 06931 SEATTLE WA null XXXXXXXXXXXX2125",9.46,
Cleared,01/15/2024,"QFC #5807 SEATTLE WA null XXXXXXXXXXXX2125",150.65,
Cleared,01/14/2024,"TCKTWEB*JESSEDANIELBRI 800-965-4827 CA",42.86,
Cleared,01/11/2024,"APPLE.COM/BILL CUPERTINO CA",9.99,
Cleared,01/11/2024,"LITTLE RED HEN SEATTLE WA",6.59,
Cleared,01/11/2024,"METROPOLITAN MKT 156 SEATTLE WA null XXXXXXXXXXXX2125",18.44,
Cleared,01/11/2024,"SDOT PAYBYPHONE PARKIN SEATTLE WA null XXXXXXXXXXXX2125",1.52,
Cleared,01/11/2024,"SHELL OIL10006032014 SEATTLE WA",66.50,
Cleared,01/10/2024,"THE TIN TABLE SEATTLE WA",15.00,
Cleared,01/08/2024,"QFC #5807 SEATTLE WA null XXXXXXXXXXXX2125",288.89,
Cleared,01/06/2024,"REG THORNTON 14 1937 SEATTLE WA",28.34,
Cleared,01/03/2024,"FANDANGO 8003263264 CA",64.96,
Cleared,01/02/2024,"SAFEWAY #1550 SEATTLE WA null XXXXXXXXXXXX2125",16.07,
Cleared,01/01/2024,"BYT*KING COUNTY METRO SEATTLE WA",2.75,
Cleared,01/01/2024,"QFC #5807 SEATTLE WA null XXXXXXXXXXXX2125",100.22,
Cleared,01/01/2024,"LITTLE RED HEN SEATTLE WA",7.00,
