Status,Date,Description,Debit,Credit
Cleared,11/25/2025,"AUTOPAY 999990000092096RAUTOPAY AUTO-PMT",,-9125.92
Cleared,11/25/2025,"Peacock 389BC Apple TV New York NY null XXXXXXXXXXXX4639",,-1.07
Cleared,11/25/2025,"Peacock DB139 Apple TV New York NY null XXXXXXXXXXXX4639",22.06,
Cleared,11/24/2025,"NYTIMES* 8006984637 NY null XXXXXXXXXXXX5191",25.55,
Cleared,11/24/2025,"SLING.COM ENGLEWOOD CO",1.00,
Cleared,11/23/2025,"CLAUDE.AI SUBSCRIPTION SAN FRANCISCO CA null XXXXXXXXXXXX6065",22.07,
Cleared,11/22/2025,"ARCO#07112ARCO #071QPS BELLEVUE WA null XXXXXXXXXXXX5191",26.95,
Cleared,11/22/2025,"QFC #5807 SEATTLE WA null XXXXXXXXXXXX5191",217.68,
Cleared,11/22/2025,"TRIPLE DOOR TICKETS SEATTLE WA",183.10,
Cleared,11/22/2025,"TST* HATTIE'S HAT SEATTLE WA",33.97,
Cleared,11/22/2025,"JOECOFFEE-CAFFE LADRO TACOMA WA null XXXXXXXXXXXX5191",13.58,
Cleared,11/20/2025,"SDOT PAYBYPHONE PARKIN SEATTLE WA null XXXXXXXXXXXX5191",0.70,
Cleared,11/19/2025,"SAFEWAY #0423 SEATTLE WA null XXXXXXXXXXXX5191",46.60,
Cleared,11/18/2025,"SQ *CONOR BYRNE COOPER SEATTLE WA null XXXXXXXXXXXX5191",5.00,
Cleared,11/18/2025,"SQ *LEVY @ SHOWBOX MAR Seattle WA null XXXXXXXXXXXX5191",32.44,
Cleared,11/17/2025,"SHELL OIL10006137011 SEATTLE WA",59.12,
Cleared,11/16/2025,"OTF U DISTRICT 0584 SEATTLE WA",186.49,
Cleared,11/16/2025,"SQ *TOWN HALL SEATTLE Seattle WA null XXXXXXXXXXXX5191",20.01,
Cleared,11/15/2025,"LITTLE RED HEN SEATTLE WA",21.00,
Cleared,11/15/2025,"SQ *LEVY @ SHOWBOX MAR Seattle WA null XXXXXXXXXXXX5191",16.86,
Cleared,11/15/2025,"OD* THE UC THEATRE TAU INDIANAPOLIS IN",92.00,
Cleared,11/15/2025,"OD* THE UC THEATRE TAU INDIANAPOLIS IN",92.00,
Cleared,11/15/2025,"THE CALIFORNIA HONEYDR OAKLAND CA null XXXXXXXXXXXX5191",35.00,
Cleared,11/14/2025,"SQ *LEVY @ SHOWBOX MAR Seattle WA null XXXXXXXXXXXX5191",37.98,
Cleared,11/14/2025,"SQ *LEVY @ SHOWBOX MAR Seattle WA null XXXXXXXXXXXX5191",16.86,
Cleared,11/14/2025,"BYT*KING COUNTY METRO SEATTLE WA",6.00,
Cleared,11/14/2025,"FOX ONE MONTHLY NEW YORK NY null XXXXXXXXXXXX6984",22.06,
Cleared,11/12/2025,"SDOT PAYBYPHONE PARKIN SEATTLE WA null XXXXXXXXXXXX5191",8.25,
Cleared,11/12/2025,"FIDDLERS INN SEATTLE WA null XXXXXXXXXXXX5191",68.22,
Cleared,11/12/2025,"Disney Plus 8889057888 CA",209.66,
Cleared,11/11/2025,"METROPOLITAN MKT 156 SEATTLE WA null XXXXXXXXXXXX5191",28.34,
Cleared,11/11/2025,"MED*SEATTLE CHILDRENS SEATTLE WA null XXXXXXXXXXXX5191",26.61,
Cleared,11/11/2025,"ANTHROPIC SAN FRANCISCO CA null XXXXXXXXXXXX6065",5.52,
Cleared,11/10/2025,"CUR8* ASSUMPTION-ST. B LAS VEGAS NV",13.97,
Cleared,11/10/2025,"CHRISTMAS DESIGNERS 8003915280 TX null XXXXXXXXXXXX5191",103.08,
Cleared,11/09/2025,"OTF BALLARD 0581 SEATTLE WA",186.32,
Cleared,11/09/2025,"METROPOLITAN MKT 156 SEATTLE WA null XXXXXXXXXXXX5191",8.08,
Cleared,11/08/2025,"BLUE MOON TAVERN SEATTLE WA",19.00,
Cleared,11/08/2025,"ARCO#07112ARCO #071QPS BELLEVUE WA null XXXXXXXXXXXX5191",14.06,
Cleared,11/08/2025,"WEST SEATTLE EAGLES AE SEATTLE WA",20.50,
Cleared,11/06/2025,"OTF U DISTRICT 0584 SEATTLE WA",142.35,
Cleared,11/05/2025,"ARCO#07112ARCO #071QPS BELLEVUE WA null XXXXXXXXXXXX5191",36.42,
Cleared,11/05/2025,"QFC #5807 SEATTLE WA null XXXXXXXXXXXX5191",270.73,
Cleared,11/06/2025,"FOREIGN TRANSACTION FEE",9.24,
Cleared,11/05/2025,"SQ *CONOR BYRNE COOPER SEATTLE WA null XXXXXXXXXXXX5191",10.00,
Cleared,11/05/2025,"ST SUBSCRIPTIONS 8886247323 WA",0.99,
Cleared,11/03/2025,"ASSOCIATED FRIENDS RD SEATTLE WA null XXXXXXXXXXXX5532",525.00,
Cleared,11/03/2025,"SLING.COM ENGLEWOOD CO",4.99,
Cleared,11/02/2025,"METROPOLITAN MKT 156 SEATTLE WA null XXXXXXXXXXXX5191",59.00,
Cleared,11/01/2025,"SDOT PAYBYPHONE PARKIN SEATTLE WA null XXXXXXXXXXXX5191",1.20,
Cleared,11/01/2025,"SDOT PAYBYPHONE PARKIN SEATTLE WA null XXXXXXXXXXXX5191",2.00,
Cleared,11/01/2025,"SQ *ASSOCIATED FRIENDS Seattle WA null XXXXXXXXXXXX5191",7.00,
Cleared,11/01/2025,"SQ *ASSOCIATED FRIENDS Seattle WA null XXXXXXXXXXXX5191",17.00,
Cleared,10/31/2025,"SAFEWAY #0423 SEATTLE WA null XXXXXXXXXXXX5191",32.94,
Cleared,10/30/2025,"LIME*PASS HDFI SAN FRANCISCO CA null XXXXXXXXXXXX5191",7.71,
Cleared,10/30/2025,"SQ *RAVENNA BREWING CO Seattle WA null XXXXXXXXXXXX5191",9.28,
Cleared,10/29/2025,"ARCO#07112ARCO #071QPS BELLEVUE WA null XXXXXXXXXXXX5191",60.22,
Cleared,10/28/2025,"TM *RUSH HOLLYWOOD CA null XXXXXXXXXXXX7705",1622.28,
Cleared,10/27/2025,"Peacock 389BC Apple TV New York NY null XXXXXXXXXXXX4639",16.54,
Cleared,10/27/2025,"ASSOCIATED FRIENDS RD SEATTLE WA",120.00,
Cleared,10/27/2025,"NYTIMES* 8006984637 NY null XXXXXXXXXXXX5191",25.55,
Cleared,10/27/2025,"ALLIANZ EVENT INS 8004243396 VA",176.00,
Cleared,10/27/2025,"LAZ PARKING M28289-DCA BELLEVUE WA",9.92,
Cleared,10/26/2025,"PCC - VIEW RIDGE SEATTLE WA null XXXXXXXXXXXX5191",14.07,
Cleared,10/25/2025,"AUTOPAY 999990000092096RAUTOPAY AUTO-PMT",,-2908.83
Cleared,10/25/2025,"TARGET 00012849 SEATTLE WA null XXXXXXXXXXXX5191",132.98,
Cleared,10/25/2025,"METROPOLITAN MKT 156 SEATTLE WA null XXXXXXXXXXXX5191",28.19,
Cleared,10/25/2025,"SAFEWAY #0423 SEATTLE WA null XXXXXXXXXXXX5191",14.47,
Cleared,10/24/2025,"OTF U DISTRICT 0584 SEATTLE WA",16.55,
Cleared,10/24/2025,"BYT*KING COUNTY METRO SEATTLE WA",6.00,
Cleared,10/24/2025,"LITTLE RED HEN SEATTLE WA",7.00,
Cleared,10/23/2025,"CLAUDE.AI SUBSCRIPTION SAN FRANCISCO CA",22.07,
Cleared,10/23/2025,"OTF U DISTRICT 0584 SEATTLE WA",143.46,
Cleared,10/22/2025,"QFC #5807 SEATTLE WA null XXXXXXXXXXXX5191",225.93,
Cleared,10/21/2025,"LIME*RIDE HDFI SAN FRANCISCO CA null XXXXXXXXXXXX5191",6.29,
Cleared,10/21/2025,"NORTHWEST FAMILY... KIRKLAND WA",1012.00,
Cleared,10/21/2025,"JEFFS AUTO REPAIR 8004 SEATTLE WA null XXXXXXXXXXXX5191",1661.61,
Cleared,10/21/2025,"NORTHWEST FAMILY... KIRKLAND WA",1829.24,
Cleared,10/21/2025,"VENTA A BORDO VOLARIS CIUDAD DE MEX MEX",4.62,
Cleared,10/20/2025,"Patreon* Membership San Francisco CA null XXXXXXXXXXXX9835",10.13,
Cleared,10/20/2025,"SQ *ONE TAXI 2925 Burien WA null XXXXXXXXXXXX5191",24.42,
Cleared,10/20/2025,"OTF U DISTRICT 0584 SEATTLE WA",15.45,
Cleared,10/20/2025,"RIDGE NE SEATTLE WA",48.55,
Cleared,10/20/2025,"RIDGE PHINNEY SEATTLE WA",57.06,
Cleared,10/19/2025,"CHILIS TOO TLAJOMULCO DE MEX",43.64,
Cleared,10/18/2025,"CLIP MX*MR MICH CHAPALA MEX",20.78,
Cleared,10/18/2025,"REST YVES CHAPALA JAL MEX",100.47,
Cleared,10/17/2025,"VENTA A BORDO VOLARIS CIUDAD DE MEX MEX",11.98,
Cleared,10/17/2025,"VENTA A BORDO VOLARIS CIUDAD DE MEX MEX",15.25,
Cleared,10/17/2025,"CLIP MX*CASA LINDA CHAPALA MEX",31.16,
Cleared,10/17/2025,"BPK*FARMACIA L SOLIDARIDAD MEX",8.17,
Cleared,10/17/2025,"VINOS Y LICORES PAZ CHAPALA JAL MEX",49.91,
Cleared,10/16/2025,"EXPRESSVPN.COM WILMINGTON DE null XXXXXXXXXXXX5191",14.34,
Cleared,10/16/2025,"OTF U DISTRICT 0584 SEATTLE WA",186.49,
Cleared,10/16/2025,"REST JARDIN PLAZA CHAPALA JAL MEX",44.77,
Cleared,10/15/2025,"SEA SMITH COVE 6951113 SEATAC WA null XXXXXXXXXXXX5191",32.75,
Cleared,10/15/2025,"SAFEWAY #0423 SEATTLE WA null XXXXXXXXXXXX5191",46.16,
Cleared,10/14/2025,"PCC - VIEW RIDGE SEATTLE WA null XXXXXXXXXXXX5191",20.51,
Cleared,10/14/2025,"FOX ONE MONTHLY NEW YORK NY",22.06,
Cleared,10/14/2025,"ARCO#07112ARCO #071QPS BELLEVUE WA null XXXXXXXXXXXX5191",26.78,
Cleared,10/11/2025,"METROPOLITAN MKT 156 SEATTLE WA null XXXXXXXXXXXX5191",26.66,
Cleared,10/10/2025,"OTF BALLARD 0581 SEATTLE WA",186.32,
Cleared,10/09/2025,"LAZ PARKING M28289-DCA BELLEVUE WA",9.92,
Cleared,10/08/2025,"QFC #5807 SEATTLE WA null XXXXXXXXXXXX5191",210.72,
Cleared,10/08/2025,"ARCO#07112ARCO #071QPS BELLEVUE WA null XXXXXXXXXXXX5191",20.13,
Cleared,10/05/2025,"OLAF'S SEATTLE WA",15.00,
Cleared,10/04/2025,"OTF U DISTRICT 0584 SEATTLE WA",15.45,
Cleared,10/04/2025,"TST*REVEL - SEATTLE Seattle WA",95.58,
Cleared,10/03/2025,"WHOLEFDS RSQ 10103 SEATTLE WA null XXXXXXXXXXXX5191",5.50,
Cleared,10/03/2025,"BYT*KING COUNTY METRO SEATTLE WA",6.00,
Cleared,10/02/2025,"OTF BALLARD 0581 SEATTLE WA",15.43,
Cleared,10/02/2025,"SDOT PAYBYPHONE PARKIN SEATTLE WA null XXXXXXXXXXXX5191",1.80,
Cleared,10/01/2025,"QFC #5807 SEATTLE WA null XXXXXXXXXXXX5191",15.97,
Cleared,10/01/2025,"ARCO#07112ARCO #071QPS BELLEVUE WA null XXXXXXXXXXXX5191",53.71,
Cleared,09/29/2025,"NYTIMES DISC* 8006984637 NY null XXXXXXXXXXXX5191",4.09,
Cleared,09/28/2025,"QFC #5807 SEATTLE WA null XXXXXXXXXXXX5191",89.03,
Cleared,09/28/2025,"PCC - VIEW RIDGE SEATTLE WA null XXXXXXXXXXXX5191",3.69,
Cleared,09/28/2025,"METROPOLITAN MKT 156 SEATTLE WA null XXXXXXXXXXXX5191",23.11,
Cleared,09/27/2025,"MED*SEATTLE CHILDRENS 206-987-5770 WA",25.00,
Cleared,09/27/2025,"PCC - VIEW RIDGE SEATTLE WA null XXXXXXXXXXXX5191",3.69,
Cleared,09/26/2025,"HELP.HBOMAX.COM NEW YORK NY null XXXXXXXXXXXX3743",187.58,
Cleared,09/26/2025,"METROPOLITAN MKT 156 SEATTLE WA null XXXXXXXXXXXX5191",63.89,
Cleared,09/25/2025,"AUTOPAY 999990000092096RAUTOPAY AUTO-PMT",,-3101.53
Cleared,09/25/2025,"GIDDY UP BURGERS SEATTLE WA null XXXXXXXXXXXX5191",8.17,
Cleared,09/25/2025,"GIDDY UP BURGERS SEATTLE WA null XXXXXXXXXXXX5191",12.76,
Cleared,09/25/2025,"GIDDY UP BURGERS SEATTLE WA null XXXXXXXXXXXX5191",41.03,
Cleared,09/23/2025,"JEFFS AUTO REPAIR 8004 SEATTLE WA null XXXXXXXXXXXX5191",55.16,
Cleared,09/23/2025,"QFC #5807 SEATTLE WA null XXXXXXXXXXXX5191",141.06,
Cleared,09/23/2025,"PCC - VIEW RIDGE SEATTLE WA null XXXXXXXXXXXX5191",9.67,
Cleared,09/21/2025,"METROPOLITAN MKT 156 SEATTLE WA null XXXXXXXXXXXX5191",18.79,
Cleared,09/20/2025,"METROPOLITAN MKT 156 SEATTLE WA null XXXXXXXXXXXX5191",14.78,
Cleared,09/19/2025,"METROPOLIS PARKING NASHVILLE TN null XXXXXXXXXXXX5191",7.99,
Cleared,09/19/2025,"TRADER JOE S #147 SEATTLE WA null XXXXXXXXXXXX5191",47.33,
Cleared,09/19/2025,"LABORATORY CORPORATION 8002227566 NC null XXXXXXXXXXXX5191",4.49,
Cleared,09/19/2025,"SEATTLE RADIOLOGY SEATTLE WA",200.00,
Cleared,09/19/2025,"FRED-MEYER #0608 SEATTLE WA null XXXXXXXXXXXX5191",88.01,
Cleared,09/18/2025,"OTF U DISTRICT 0584 SEATTLE WA",27.59,
Cleared,09/18/2025,"QFC #5807 SEATTLE WA null XXXXXXXXXXXX5191",117.76,
Cleared,09/18/2025,"ARCO#07112ARCO #071QPS BELLEVUE WA null XXXXXXXXXXXX5191",48.94,
Cleared,09/17/2025,"SQ *TRACTOR TAVERN Seattle WA",25.75,
Cleared,09/17/2025,"TRACTOR TAVERN SEATTLE WA",10.33,
Cleared,09/16/2025,"OTF U DISTRICT 0584 SEATTLE WA",186.49,
Cleared,09/16/2025,"HAWKS VIEW - DAKOTA 8778795500 OR",50.00,
Cleared,09/16/2025,"SDOT PAYBYPHONE PARKIN SEATTLE WA null XXXXXXXXXXXX5191",1.17,
Cleared,09/15/2025,"OTF U DISTRICT 0584 SEATTLE WA",5.52,
Cleared,09/14/2025,"FOX ONE MONTHLY NEW YORK NY null XXXXXXXXXXXX5532",22.06,
Cleared,09/14/2025,"QFC #5807 SEATTLE WA null XXXXXXXXXXXX5191",182.05,
Cleared,09/14/2025,"PARAMOUNT+ WEST HOLLYWOO CA",66.20,
Cleared,09/13/2025,"AFP*Northwest Family L Kirkland WA",475.00,
Cleared,09/13/2025,"BROWN BEAR CAR WASH - SEATTLE WA null XXXXXXXXXXXX5191",13.50,
Cleared,09/12/2025,"METROPOLITAN MKT 156 SEATTLE WA null XXXXXXXXXXXX5191",22.60,
Cleared,09/10/2025,"QFC #5807 SEATTLE WA null XXXXXXXXXXXX5191",54.46,
Cleared,09/10/2025,"ARCO#07112ARCO #071QPS BELLEVUE WA null XXXXXXXXXXXX5191",33.18,
Cleared,09/09/2025,"CHIPOTLE 1364 BELLEVUE WA null XXXXXXXXXXXX5191",15.10,
Cleared,09/08/2025,"QFC #5807 SEATTLE WA null XXXXXXXXXXXX5191",29.33,
Cleared,09/08/2025,"QFC #5807 SEATTLE WA null XXXXXXXXXXXX5191",140.81,
Cleared,09/07/2025,"METROPOLITAN MKT 156 SEATTLE WA null XXXXXXXXXXXX5191",19.07,
Cleared,09/06/2025,"BYT*KING COUNTY METRO SEATTLE WA",3.00,
Cleared,09/06/2025,"FIGUREHEAD BREWING SEATTLE WA null XXXXXXXXXXXX5191",8.46,
Cleared,09/06/2025,"LITTLE RED HEN SEATTLE WA",10.00,
Cleared,09/05/2025,"CHEVRON 0097258 SEATTLE WA",66.70,
Cleared,09/04/2025,"BYT*KING COUNTY METRO SEATTLE WA",3.00,
Cleared,09/03/2025,"Dyson Direct Inc Chicago IL",474.49,
Cleared,09/03/2025,"ST SUBSCRIPTIONS 8886247323 WA",0.69,
Cleared,09/03/2025,"SQ *LEVY @ SHOWBOX SOD Seattle WA",15.22,
Cleared,09/01/2025,"NYTIMES DISC* 8006984637 NY null XXXXXXXXXXXX5191",4.09,
Cleared,08/31/2025,"TST* MCMENAMINS - EDGE TROUTDALE OR null XXXXXXXXXXXX5191",6.50,
Cleared,08/31/2025,"TST* MCMENAMINS - EDGE TROUTDALE OR null XXXXXXXXXXXX5191",10.00,
Cleared,08/31/2025,"TST* MCMENAMINS - EDGE TROUTDALE OR null XXXXXXXXXXXX5191",24.50,
Cleared,08/31/2025,"TARGET 00012849 SEATTLE WA null XXXXXXXXXXXX5191",233.89,
Cleared,08/30/2025,"EDGEFIELD CONCERT MERC PORTLAND OR",122.00,
Cleared,08/30/2025,"SPACE AGE #202 CASTLE ROCK WA",50.87,
Cleared,08/30/2025,"PAR*BURGERVILLE 34 WOODLAND WA null XXXXXXXXXXXX5191",15.72,
Cleared,08/30/2025,"DAIRY QUEEN #15152 OLYMPIA WA null XXXXXXXXXXXX5191",4.82,
Cleared,08/30/2025,"SHELL OIL10006032014 SEATTLE WA",16.94,
Cleared,08/30/2025,"DAIRY QUEEN #15152 OLYMPIA WA null XXXXXXXXXXXX5191",20.86,
Cleared,08/29/2025,"QFC #5807 SEATTLE WA null XXXXXXXXXXXX5191",233.16,
Cleared,08/28/2025,"TST* ZEEK'S PIZZA - GR SEATTLE WA null XXXXXXXXXXXX5191",6.02,
Cleared,08/28/2025,"THE GRATEFUL BREAD SEATTLE WA null XXXXXXXXXXXX5191",5.25,
Cleared,08/27/2025,"METROPOLITAN MKT 156 SEATTLE WA null XXXXXXXXXXXX5191",31.09,
Cleared,08/26/2025,"METROPOLITAN MKT 156 SEATTLE WA null XXXXXXXXXXXX5191",43.65,
Cleared,08/25/2025,"AUTOPAY 999990000092096RAUTOPAY AUTO-PMT",,-5559.14
Cleared,08/25/2025,"LITTLE RED HEN SEATTLE WA",17.00,
Cleared,08/25/2025,"2GC@WPZ SEATTLE WA null XXXXXXXXXXXX5191",30.90,
Cleared,08/23/2025,"LITTLE RED HEN SEATTLE WA",12.00,
Cleared,08/22/2025,"TRACTOR TAVERN SEATTLE WA",46.32,
Cleared,08/21/2025,"GREENWOOD TRUE VALUE H SEATTLE WA null XXXXXXXXXXXX5191",40.82,
Cleared,08/21/2025,"TST*MAGNUSON CAFE & BR Seattle WA null XXXXXXXXXXXX5191",54.72,
Cleared,08/21/2025,"LITTLE RED HEN SEATTLE WA",7.00,
Cleared,08/20/2025,"METROPOLITAN MKT 156 SEATTLE WA null XXXXXXXXXXXX5191",14.35,
Cleared,08/20/2025,"ARCO#07112ARCO #071QPS BELLEVUE WA null XXXXXXXXXXXX5191",48.19,
Cleared,08/17/2025,"CTLP*CSC SERVICEWORKS MELVILLE NY null XXXXXXXXXXXX5191",2.50,
Cleared,08/17/2025,"ARCO#04397A & F PETQPS KELSO WA null XXXXXXXXXXXX5191",8.60,
Cleared,08/17/2025,"TST*THE STOCKPOT BROIL Beaverton OR null XXXXXXXXXXXX5191",9.00,
Cleared,08/17/2025,"PLAID PANTRY #214 BEAVERTON OR null XXXXXXXXXXXX5191",29.18,
Cleared,08/17/2025,"2GC@WPZ SEATTLE WA null XXXXXXXXXXXX5191",15.45,
Cleared,08/17/2025,"LITTLE RED HEN SEATTLE WA",7.00,
Cleared,08/16/2025,"OTF U DISTRICT 0584 SEATTLE WA",186.49,
Cleared,08/16/2025,"TST*THE STOCKPOT BROIL Beaverton OR null XXXXXXXXXXXX5191",9.00,
Cleared,08/16/2025,"TST*THE STOCKPOT BROIL Beaverton OR null XXXXXXXXXXXX5191",9.00,
Cleared,08/16/2025,"TST*THE STOCKPOT BROIL Beaverton OR null XXXXXXXXXXXX5191",9.00,
Cleared,08/15/2025,"BYT*KING COUNTY METRO SEATTLE WA",2.75,
Cleared,08/15/2025,"WHOLEFDS BRD 10266 TIGARD OR null XXXXXXXXXXXX5191",75.05,
Cleared,08/15/2025,"SPACE AGE #202 CASTLE ROCK WA null XXXXXXXXXXXX5191",3.69,
Cleared,08/15/2025,"ARCO#83423FABI1 ENTQPS OLYMPIA WA null XXXXXXXXXXXX5191",6.58,
Cleared,08/15/2025,"SPACE AGE #202 CASTLE ROCK WA",47.12,
Cleared,08/14/2025,"WATERWHEEL SEATTLE WA",11.85,
Cleared,08/13/2025,"OTF BALLARD 0581 SEATTLE WA",186.32,
Cleared,08/11/2025,"QFC #5807 SEATTLE WA null XXXXXXXXXXXX5191",263.40,
Cleared,08/10/2025,"LITTLE RED HEN SEATTLE WA",20.00,
Cleared,08/09/2025,"BYT*KING COUNTY METRO SEATTLE WA",2.75,
Cleared,08/09/2025,"LITTLE RED HEN SEATTLE WA",12.00,
Cleared,08/08/2025,"SAFEWAY #0423 SEATTLE WA null XXXXXXXXXXXX5191",6.49,
Cleared,08/08/2025,"ARCO#07112ARCO #071QPS BELLEVUE WA null XXXXXXXXXXXX5191",40.10,
Cleared,08/07/2025,"SQ *URBAN BAKERY Seattle WA null XXXXXXXXXXXX5191",4.75,
Cleared,08/06/2025,"OTF U DISTRICT 0584 SEATTLE WA",102.63,
Cleared,08/06/2025,"OTF U DISTRICT 0584 SEATTLE WA",102.63,
Cleared,08/06/2025,"OTF U DISTRICT 0584 SEATTLE WA",143.46,
Cleared,08/06/2025,"OTF U DISTRICT 0584 SEATTLE WA",143.46,
Cleared,08/06/2025,"ST SUBSCRIPTIONS 8886247323 WA",27.72,
Cleared,08/06/2025,"TST*HIDDEN HALL Seattle WA null XXXXXXXXXXXX5191",19.50,
Cleared,08/04/2025,"NYTIMES DISC* 8006984637 NY null XXXXXXXXXXXX5191",4.09,
Cleared,08/03/2025,"QFC #5807 SEATTLE WA null XXXXXXXXXXXX5191",226.17,
Cleared,08/02/2025,"METROPOLITAN MKT 156 SEATTLE WA null XXXXXXXXXXXX5191",14.28,
Cleared,08/02/2025,"METROPOLITAN MKT 156 SEATTLE WA null XXXXXXXXXXXX5191",30.85,
Cleared,08/01/2025,"SP VETCO ELECTRONICS BELLEVUE WA null XXXXXXXXXXXX5191",3.85,
Cleared,08/01/2025,"ARCO#07112ARCO #071QPS BELLEVUE WA null XXXXXXXXXXXX5191",44.95,
Cleared,07/30/2025,"Thankyou Points Redeemed TY OR275639391",,-220.00
Cleared,07/30/2025,"PATIENT FINANCIAL SERV SEATTLE WA",25.00,
Cleared,07/29/2025,"TCKTWEB* 800-965-4827 CA",,-236.51
Cleared,07/28/2025,"QFC #5807 SEATTLE WA null XXXXXXXXXXXX5191",155.84,
Cleared,07/26/2025,"SQ *CONOR BYRNE COOPER SEATTLE WA null XXXXXXXXXXXX5191",30.00,
Cleared,07/26/2025,"SHREE GAS STATION THOR THORP WA",34.33,
Cleared,07/25/2025,"AUTOPAY 999990000092096RAUTOPAY AUTO-PMT",,-5137.47
Cleared,07/25/2025,"BESTLOCKER* GPM PURCHA ORLANDO FL null XXXXXXXXXXXX5191",10.00,
Cleared,07/25/2025,"EXXON HAYDEN JIFI STOP HAYDEN LAKE ID",42.19,
Cleared,07/25/2025,"SILVERWOOD THEME PARK ATHOL ID null XXXXXXXXXXXX8992",9.01,
Cleared,07/25/2025,"SILVERWOOD THEME PARK ATHOL ID null XXXXXXXXXXXX8992",10.00,
Cleared,07/25/2025,"SILVERWOOD THEME PARK ATHOL ID null XXXXXXXXXXXX8992",31.78,
Cleared,07/24/2025,"BESTLOCKER* GPM PURCHA ORLANDO FL null XXXXXXXXXXXX5191",10.00,
Cleared,07/23/2025,"OTF BALLARD 0581 SEATTLE WA",186.32,
Cleared,07/23/2025,"COCA COLA SPOKANE SPOKANE VALLE WA null XXXXXXXXXXXX5191",2.10,
Cleared,07/23/2025,"GULL ENERGY NORTH BEND WA null XXXXXXXXXXXX5191",6.39,
Cleared,07/23/2025,"GULL ENERGY NORTH BEND WA",55.54,
Cleared,07/22/2025,"SQ *THE CHEESE PIT SNOHOMISH WA null XXXXXXXXXXXX5191",2.48,
Cleared,07/22/2025,"SQ *VIEW RIDGE SWIM AN Seattle WA null XXXXXXXXXXXX5191",3.25,
Cleared,07/22/2025,"SQ *VIEW RIDGE SWIM AN Seattle WA null XXXXXXXXXXXX5191",4.00,
Cleared,07/22/2025,"SQ *THE CHEESE PIT SNOHOMISH WA null XXXXXXXXXXXX5191",22.74,
Cleared,07/21/2025,"SAFEWAY #0423 SEATTLE WA null XXXXXXXXXXXX5191",5.45,
Cleared,07/20/2025,"FAIRWELLCASHLESSPOS 2813630900 TX",10.50,
Cleared,07/20/2025,"FAIRWELLCASHLESSPOS 2813630900 TX",15.16,
Cleared,07/20/2025,"FRED M FUEL #9650 REDMOND OR",36.26,
Cleared,07/19/2025,"FAIRWELLCASHLESSPOS 2813630900 TX",6.10,
Cleared,07/19/2025,"FAIRWELLCASHLESSPOS 2813630900 TX",150.00,
Cleared,07/19/2025,"FAIRWELLCASHLESSPOS 2813630900 TX",158.00,
Cleared,07/19/2025,"TRADER JOE S #150 BEND OR null XXXXXXXXXXXX5191",29.21,
Cleared,07/19/2025,"OLCC STORE 1274 BEND OR null XXXXXXXXXXXX5191",44.44,
Cleared,07/18/2025,"FAIRWELLCASHLESSPOS 2813630900 TX",50.44,
Cleared,07/17/2025,"TRADER JOE S #150 BEND OR null XXXXXXXXXXXX5191",151.56,
Cleared,07/17/2025,"TARGET 00007666 BEND OR null XXXXXXXXXXXX5191",30.98,
Cleared,07/17/2025,"SQ *AMBER AMOS/WESTSID Bend OR null XXXXXXXXXXXX5191",13.57,
Cleared,07/17/2025,"THE BITE BEND OR null XXXXXXXXXXXX5191",6.74,
Cleared,07/16/2025,"FRED MEYER FUEL #9659 TUMWATER WA",57.82,
Cleared,07/16/2025,"OTF U DISTRICT 0584 SEATTLE WA",186.49,
Cleared,07/16/2025,"SQ *AMBER AMOS/WESTSID Bend OR",17.50,
Cleared,07/16/2025,"THE BITE BEND OR",7.18,
Cleared,07/16/2025,"DAIRY QUEEN #18873 WOODLAND WA null XXXXXXXXXXXX5191",24.36,
Cleared,07/15/2025,"FRED-MEYER #0608 SEATTLE WA null XXXXXXXXXXXX5191",42.46,
Cleared,07/14/2025,"SP ORIGINALPENGUINCO DORAL FL null XXXXXXXXXXXX5191",,-118.70
Cleared,07/14/2025,"WHOLEFDS RSQ 10103 SEATTLE WA null XXXXXXXXXXXX5191",11.72,
Cleared,07/14/2025,"LITTLE RED HEN SEATTLE WA",10.00,
Cleared,07/14/2025,"METROPOLITAN MKT 156 SEATTLE WA null XXXXXXXXXXXX5191",51.98,
Cleared,07/13/2025,"TST*OLD STOVE BREWING Seattle WA",12.58,
Cleared,07/12/2025,"LITTLE RED HEN SEATTLE WA",7.00,
Cleared,07/11/2025,"FGT*FAIRWELLFGT 8885127469 TX",,-15.95
Cleared,07/11/2025,"AIRBNB * HMP8XTJ4B2 4158005959 CA null XXXXXXXXXXXX6300",1132.03,
Cleared,07/10/2025,"PY *WESTSIDE PIZZA CHELAN WA null XXXXXXXXXXXX5191",18.33,
Cleared,07/10/2025,"DAIRY QUEEN #18955 CLE ELUM WA null XXXXXXXXXXXX5191",16.44,
Cleared,07/10/2025,"GADGET REHAB SEATTLE WA",243.23,
Cleared,07/10/2025,"STOREY'S SERVICE CLE ELUM WA",53.99,
Cleared,07/10/2025,"SILVERWOOD THEME PARK ATHOL ID",587.60,
Cleared,07/09/2025,"FROYO EARTH CHELAN WA null XXXXXXXXXXXX5191",28.64,
Cleared,07/09/2025,"CHANGE.ORG SAN FRANCISCO CA null XXXXXXXXXXXX5191",30.00,
Cleared,07/09/2025,"SQ *STORMY MOUNTAIN BR Chelan WA null XXXXXXXXXXXX5191",19.60,
Cleared,07/09/2025,"ST SUBSCRIPTIONS 8886247323 WA",27.72,
Cleared,07/09/2025,"THE VARIETY STORE CHELAN WA null XXXXXXXXXXXX5191",48.89,
Cleared,07/09/2025,"SHIRT SHOP CHELAN WA null XXXXXXXXXXXX5191",4.34,
Cleared,07/08/2025,"TURO INC.* TRIP JUN 13 SAN FRANCISCO CA null XXXXXXXXXXXX8686",16.48,
Cleared,07/08/2025,"SAFEWAY #3265 CHELAN WA null XXXXXXXXXXXX5191",11.40,
Cleared,07/08/2025,"SAFEWAY #3265 CHELAN WA null XXXXXXXXXXXX5191",49.11,
Cleared,07/07/2025,"Dicks Sporting Goods Seattle WA null XXXXXXXXXXXX5191",89.88,
Cleared,07/07/2025,"NYTIMES DISC* 8006984637 NY null XXXXXXXXXXXX5191",4.09,
Cleared,07/07/2025,"DAIRY QUEEN #18955 CLE ELUM WA null XXXXXXXXXXXX5191",30.17,
Cleared,07/07/2025,"CAMPBELLS LODGE INC CHELAN WA",984.97,
Cleared,07/07/2025,"SHELL OIL10006236011 SEATTLE WA",59.45,
Cleared,07/07/2025,"SAFEWAY #3265 CHELAN WA null XXXXXXXXXXXX5191",145.22,
Cleared,07/06/2025,"FRED-MEYER #0608 SEATTLE WA null XXXXXXXXXXXX5191",11.76,
Cleared,07/06/2025,"FRED-MEYER #0608 SEATTLE WA null XXXXXXXXXXXX5191",110.32,
Cleared,07/06/2025,"TARGET 00012849 SEATTLE WA null XXXXXXXXXXXX5191",33.12,
Cleared,07/04/2025,"MAPLE LEAF ACE SEATTLE WA null XXXXXXXXXXXX5191",57.35,
Cleared,07/04/2025,"FGT*FAIRWELLFGT 8885127469 TX",65.95,
Cleared,07/04/2025,"SAFEWAY #0423 SEATTLE WA null XXXXXXXXXXXX5191",32.91,
Cleared,07/03/2025,"DISCOVERYOURNORTHWEST 877-874-6775 WA",5.00,
Cleared,07/03/2025,"TURO INC.* TRIP JUN 22 SAN FRANCISCO CA null XXXXXXXXXXXX8686",8.24,
Cleared,07/03/2025,"TRADER JOE S #270 SHORELINE WA null XXXXXXXXXXXX5191",136.13,
Cleared,07/02/2025,"GOLDBAR MARKET GOLD BAR WA",6.58,
Cleared,07/02/2025,"TST*MAGNUSON CAFE & BR Seattle WA null XXXXXXXXXXXX5191",83.38,
Cleared,07/01/2025,"SAND POINT COUNTRY CLU SEATTLE WA",5.13,
Cleared,07/01/2025,"SAND POINT COUNTRY CLU SEATTLE WA",8.82,
Cleared,07/01/2025,"SAND POINT COUNTRY CLU SEATTLE WA",25.52,
Cleared,07/01/2025,"SAND POINT COUNTRY CLU SEATTLE WA",26.63,
Cleared,06/30/2025,"QFC #5807 SEATTLE WA null XXXXXXXXXXXX5191",208.55,
Cleared,06/29/2025,"TEXACO 0306654 SULTAN WA",49.21,
Cleared,06/29/2025,"LITTLE RED HEN SEATTLE WA",23.00,
Cleared,06/26/2025,"DAIRY QUEEN #12515 MONROE WA null XXXXXXXXXXXX5191",3.49,
Cleared,06/26/2025,"DAIRY QUEEN #12515 MONROE WA null XXXXXXXXXXXX5191",19.67,
Cleared,06/26/2025,"METROPOLITAN MKT 156 SEATTLE WA null XXXXXXXXXXXX5191",73.48,
Cleared,06/25/2025,"AUTOPAY 999990000092096RAUTOPAY AUTO-PMT",,-2934.77
Cleared,06/24/2025,"QUICKQUACK* O 7CC6E61B ROSEVILLE CA null XXXXXXXXXXXX5191",12.99,
Cleared,06/24/2025,"DAIRY QUEEN #13777 MANTECA CA null XXXXXXXXXXXX5191",5.55,
Cleared,06/24/2025,"SINCLAIR BIG OAK FLAT BIG OAK FLAT CA null XXXXXXXXXXXX5191",33.25,
Cleared,06/24/2025,"CHEVRON 0090087 SAN FRANCISCO CA",26.90,
Cleared,06/24/2025,"SINCLAIR BIG OAK FLAT BIG OAK FLAT CA",58.29,
Cleared,06/24/2025,"YNP AHWAHNEE LODGING FRESNO CA",90.00,
Cleared,06/24/2025,"YNP AHWAHNEE LODGING FRESNO CA",766.08,
Cleared,06/24/2025,"YNP MAJESTIC HOTEL BAR FRESNO CA null XXXXXXXXXXXX5191",8.67,
Cleared,06/24/2025,"AHWAHNEE SWEET SHOP FRESNO CA null XXXXXXXXXXXX5191",20.20,
Cleared,06/24/2025,"YNP VILLAGE STORE FRESNO CA",100.73,
Cleared,06/23/2025,"OTF BALLARD 0581 SEATTLE WA",142.22,
Cleared,06/23/2025,"AHWAHNEE SWEET SHOP FRESNO CA null XXXXXXXXXXXX5191",9.68,
Cleared,06/23/2025,"YNP VILLAGE STORE FRESNO CA null XXXXXXXXXXXX5191",94.64,
Cleared,06/22/2025,"SPO*VESUVIOCAFE SAN FRANCISCO CA",8.00,
Cleared,06/22/2025,"YOSEMITE NP EL PORTAL CA",35.00,
Cleared,06/22/2025,"TARGET 00027714 DUBLIN CA null XXXXXXXXXXXX5191",4.95,
Cleared,06/22/2025,"DAIRY QUEEN #13777 MANTECA CA null XXXXXXXXXXXX5191",37.44,
Cleared,06/22/2025,"TARGET 00027714 DUBLIN CA null XXXXXXXXXXXX5191",40.28,
Cleared,06/22/2025,"HOTEL 32ONE SAN FRANCISCO CA",589.99,
Cleared,06/22/2025,"YNP VILLAGE STORE FRESNO CA null XXXXXXXXXXXX5191",59.87,
Cleared,06/21/2025,"TRADER JOE S #019 SAN FRANCISCO CA null XXXXXXXXXXXX5191",8.07,
Cleared,06/21/2025,"SPO*ONLYINCHINATOWN SAN FRANCISCO CA null XXXXXXXXXXXX5191",20.65,
Cleared,06/21/2025,"TRADER JOE S #019 SAN FRANCISCO CA null XXXXXXXXXXXX5191",60.48,
Cleared,06/21/2025,"CHIPOTLE 1857 SAN FRANCISCO CA null XXXXXXXXXXXX5191",2.25,
Cleared,06/21/2025,"SFMTA MUNI MOBILE SAN FRANCISCO CA null XXXXXXXXXXXX5191",5.50,
Cleared,06/21/2025,"AUNT FANNY'S CART SAN FRANCISCO CA null XXXXXXXXXXXX5191",6.95,
Cleared,06/21/2025,"AUNT FANNY'S CART SAN FRANCISCO CA null XXXXXXXXXXXX5191",6.95,
Cleared,06/21/2025,"VLAHOS ORCHARDS SAN FRANCISCO CA null XXXXXXXXXXXX5191",8.78,
Cleared,06/21/2025,"CHIPOTLE 1857 SAN FRANCISCO CA null XXXXXXXXXXXX5191",22.36,
Cleared,06/21/2025,"SQ *SERENDIPITY CARDS San Francisco CA null XXXXXXXXXXXX5191",23.90,
Cleared,06/21/2025,"TST*SMITTEN ICE CREAM San Francisco CA null XXXXXXXXXXXX5191",35.59,
Cleared,06/21/2025,"SQ *DOG EARED BOOKS San Francisco CA null XXXXXXXXXXXX5191",71.68,
Cleared,06/21/2025,"TRISH'S MINI DONUTS SAN FRANCISCO CA null XXXXXXXXXXXX5191",14.00,
Cleared,06/20/2025,"Ghirardelli Square San Francisco CA null XXXXXXXXXXXX5191",46.71,
Cleared,06/20/2025,"TST* SUPER DUPER BURGE SAN FRANCISCO CA null XXXXXXXXXXXX5191",4.59,
Cleared,06/20/2025,"GRAND MINI MARKET SAN FRANCISCO CA null XXXXXXXXXXXX5191",6.86,
Cleared,06/20/2025,"MCDONALD'S F36677 SAN FRANCISCO CA null XXXXXXXXXXXX5191",16.40,
Cleared,06/20/2025,"ALCATRAZ CITY CRUISES SAN FRANCISCO CA null XXXXXXXXXXXX5191",26.75,
Cleared,06/20/2025,"HELD OVER SAN FRANCISCO CA null XXXXXXXXXXXX5191",28.24,
Cleared,06/20/2025,"ALCATRAZ CITY CRUISES SAN FRANCISCO CA null XXXXXXXXXXXX5191",39.50,
Cleared,06/20/2025,"FSP*SOCKSHOP HAIGHT ST SAN FRANCISCO CA",40.15,
Cleared,06/20/2025,"WALGREENS #7043 SAN FRANCISCO CA null XXXXXXXXXXXX5191",43.39,
Cleared,06/20/2025,"BUFFALO EXCHANGE CA02 SAN FRANCISCO CA null XXXXXXXXXXXX5191",17.92,
Cleared,06/20/2025,"TST*ACQUOLINA San Francisco CA",66.46,
Cleared,06/20/2025,"ALCATRAZ ISLAND SAN FRANCISCO CA null XXXXXXXXXXXX5191",40.03,
Cleared,06/20/2025,"TST*SLICE HOUSE - SAN San Francisco CA null XXXXXXXXXXXX5191",15.94,
Cleared,06/19/2025,"CVS/PHARMACY #11004 SAN FRANCISCO CA null XXXXXXXXXXXX5191",4.55,
Cleared,06/19/2025,"CVS/PHARMACY #11004 SAN FRANCISCO CA null XXXXXXXXXXXX5191",22.01,
Cleared,06/19/2025,"THE NEW STAND ST2889 SEATTLE WA null XXXXXXXXXXXX5191",13.98,
Cleared,06/19/2025,"SEA BAD EGG 6951118 TUKWILA WA null XXXXXXXXXXXX5191",14.76,
Cleared,06/19/2025,"SEA BAD EGG 6951118 TUKWILA WA null XXXXXXXXXXXX5191",19.99,
Cleared,06/19/2025,"SFMTA MUNI MOBILE SAN FRANCISCO CA null XXXXXXXXXXXX5191",42.00,
Cleared,06/18/2025,"ARCO#07112ARCO #071QPS BELLEVUE WA null XXXXXXXXXXXX5191",50.24,
Cleared,06/17/2025,"SQ *BEN & JERRY'S GREE Seattle WA null XXXXXXXXXXXX5191",6.79,
Cleared,06/17/2025,"SAFEWAY #1550 SEATTLE WA",6.06,
Cleared,06/17/2025,"SHELL OIL10006032014 SEATTLE WA",25.28,
Cleared,06/16/2025,"TCKTWEB*BRENTCOBB 800-965-4827 CA",62.52,
Cleared,06/16/2025,"OTF U DISTRICT 0584 SEATTLE WA",153.39,
Cleared,06/16/2025,"SQ *MY BUSINESS seatac WA",20.60,
Cleared,06/16/2025,"METROPOLITAN MKT 156 SEATTLE WA",34.98,
Cleared,06/16/2025,"SHELL OIL 57444214803 BURLINGAME CA",6.00,
Cleared,06/16/2025,"SHELL OIL 57444214803 BURLINGAME CA",28.38,
Cleared,06/16/2025,"TST*DRAKES FLYAWAY Burlingame CA null XXXXXXXXXXXX5191",29.22,
Cleared,06/15/2025,"TURO INC.* TRIP JUN 22 SAN FRANCISCO CA null XXXXXXXXXXXX8686",285.25,
Cleared,06/14/2025,"CLUB MALLARD ALBANY CA",18.00,
Cleared,06/14/2025,"WHOLEFDS GIL #10530 BERKELEY CA",12.45,
Cleared,06/14/2025,"TOPSCORE* DISCNW PITTSBURGH PA",231.00,
Cleared,06/13/2025,"SEA BEECHERS 6951480 TUKWILA WA null XXXXXXXXXXXX5191",33.68,
Cleared,06/12/2025,"SQ *BHS CLASS OF 85*40 gosq.com OR",75.00,
Cleared,06/12/2025,"WOODLAND PARK ZOO SEATTLE WA null XXXXXXXXXXXX5191",81.00,
Cleared,06/12/2025,"SQ *WOODLAND PARK ZOO Seattle WA",15.45,
Cleared,06/12/2025,"METROPOLITAN MKT 156 SEATTLE WA null XXXXXXXXXXXX5191",46.19,
Cleared,06/11/2025,"VRSTC POOL 2063565994 WA null XXXXXXXXXXXX5191",70.00,
Cleared,06/10/2025,"ST SUBSCRIPTIONS 8886247323 WA",27.72,
Cleared,06/10/2025,"TST*MAGNUSON CAFE & BR Seattle WA null XXXXXXXXXXXX5191",48.99,
Cleared,06/09/2025,"NYTIMES DISC* 8006984637 NY null XXXXXXXXXXXX5191",4.09,
Cleared,06/08/2025,"TST*LIL WOODYS - BALLA Seattle WA null XXXXXXXXXXXX5191",13.63,
Cleared,06/08/2025,"LITTLE RED HEN SEATTLE WA",7.00,
Cleared,06/07/2025,"QFC #5807 SEATTLE WA null XXXXXXXXXXXX5191",212.65,
Cleared,06/04/2025,"ARCO#07112ARCO #071QPS BELLEVUE WA null XXXXXXXXXXXX5191",41.61,
Cleared,06/04/2025,"WEST COAST DRUM SHOP BELLEVUE WA null XXXXXXXXXXXX5191",31.38,
Cleared,06/04/2025,"SQ *NORTHWEST YOUTH MU gosq.com WA null XXXXXXXXXXXX5191",50.00,
Cleared,06/03/2025,"TST*RED MILL BURGERS - Seattle WA null XXXXXXXXXXXX5191",7.16,
Cleared,06/02/2025,"TURO INC.* TRIP JUN 13 SAN FRANCISCO CA null XXXXXXXXXXXX8686",192.16,
Cleared,06/02/2025,"LITTLE RED HEN SEATTLE WA",19.00,
Cleared,06/02/2025,"QFC #5807 SEATTLE WA null XXXXXXXXXXXX5191",116.27,
Cleared,06/01/2025,"TST*OLD SALT 2.0 - BAL 206-906-9363 WA null XXXXXXXXXXXX5191",16.93,
Cleared,05/31/2025,"TST* HATBACK BAR & GRI SEATTLE WA",71.10,
Cleared,05/31/2025,"SQ *RAVENNA BREWING CO Seattle WA null XXXXXXXXXXXX5191",22.90,
Cleared,05/31/2025,"FRANKS OYSTER HOUSE & SEATTLE WA",89.94,
Cleared,05/30/2025,"BIRD APP* PENDING.BIRD MIAMI FL null XXXXXXXXXXXX5191",6.84,
Cleared,05/30/2025,"STATE PARKS DISCOVER P SEATTLE WA",35.00,
Cleared,05/29/2025,"SPOTHERO 844-356-8054 CHICAGO IL null XXXXXXXXXXXX5191",20.10,
Cleared,05/29/2025,"TST*HIDDEN HALL Seattle WA",21.00,
Cleared,05/29/2025,"GREASE MONKEY 984 SEATTLE WA null XXXXXXXXXXXX5191",155.38,
Cleared,05/29/2025,"TST*HEY BAGEL Seattle WA null XXXXXXXXXXXX5191",36.00,
Cleared,05/29/2025,"LITTLE RED HEN SEATTLE WA",7.00,
Cleared,05/28/2025,"ARCO#07112ARCO #071QPS BELLEVUE WA null XXXXXXXXXXXX5191",43.56,
Cleared,05/27/2025,"BOOKTIX.COM EAST BRUNSWIC NJ",32.92,
Cleared,05/26/2025,"TURO INC.* TRIP MAY 2 SAN FRANCISCO CA null XXXXXXXXXXXX8686",8.24,
Cleared,05/26/2025,"SQ *PIONEER POPCORN, I Seattle WA null XXXXXXXXXXXX5191",8.00,
Cleared,05/26/2025,"SAL Y LIMON BAR AND RE SEATTLE WA",9.83,
Cleared,05/26/2025,"QFC #5807 SEATTLE WA null XXXXXXXXXXXX5191",155.14,
Cleared,05/26/2025,"DICK'S DRIVE IN QA SEATTLE WA null XXXXXXXXXXXX5191",18.81,
Cleared,05/25/2025,"AUTOPAY 999990000092096RAUTOPAY AUTO-PMT",,-4785.39
Cleared,05/25/2025,"7-ELEVEN 14396 SEATTLE WA null XXXXXXXXXXXX5191",7.39,
Cleared,05/23/2025,"WARD DAVIS HARTSVILLE TN null XXXXXXXXXXXX5191",60.00,
Cleared,05/23/2025,"OTF BALLARD 0581 SEATTLE WA",142.22,
Cleared,05/23/2025,"SQ *ASSOCIATED FRIENDS Seattle WA null XXXXXXXXXXXX5191",5.00,
Cleared,05/23/2025,"LITTLE RED HEN SEATTLE WA",9.00,
Cleared,05/23/2025,"GIDDY UP BURGERS SEATTLE WA null XXXXXXXXXXXX5191",22.98,
Cleared,05/23/2025,"GIDDY UP BURGERS SEATTLE WA null XXXXXXXXXXXX5191",43.18,
Cleared,05/22/2025,"USPS PO 5476450047 SEATTLE WA null XXXXXXXXXXXX5191",13.92,
Cleared,05/22/2025,"ARCO#07112ARCO #071QPS BELLEVUE WA null XXXXXXXXXXXX5191",33.66,
Cleared,05/21/2025,"FIDDLERS INN SEATTLE WA",55.11,
Cleared,05/20/2025,"OTF BALLARD 0581 SEATTLE WA",24.26,
Cleared,05/19/2025,"QFC #5807 SEATTLE WA null XXXXXXXXXXXX5191",189.00,
Cleared,05/18/2025,"TCKTWEB*PROMDATEMIXTAP 800-965-4827 CA",62.52,
Cleared,05/18/2025,"METROPOLITAN MKT 156 SEATTLE WA null XXXXXXXXXXXX5191",106.65,
Cleared,05/17/2025,"U-PARK SYSTEM 083 SEATTLE WA",8.74,
Cleared,05/16/2025,"OTF U DISTRICT 0584 SEATTLE WA",153.39,
Cleared,05/16/2025,"LITTLE RED HEN SEATTLE WA",17.00,
Cleared,05/15/2025,"LITTLE RED HEN SEATTLE WA",7.00,
Cleared,05/14/2025,"ST SUBSCRIPTIONS 8886247323 WA",27.72,
Cleared,05/14/2025,"ARCO#07112ARCO #071QPS BELLEVUE WA null XXXXXXXXXXXX5191",40.20,
Cleared,05/13/2025,"WWW.HIGHDI* HIDDENHALL SEATTLE WA null XXXXXXXXXXXX5191",15.22,
Cleared,05/13/2025,"TST*GASWORKS BREWERY Seattle WA null XXXXXXXXXXXX5191",8.83,
Cleared,05/13/2025,"TST*GASWORKS BREWERY Seattle WA",38.41,
Cleared,05/12/2025,"TST* THE ATLANTIC CROS SEATTLE WA null XXXXXXXXXXXX5191",39.34,
Cleared,05/12/2025,"NYTIMES DISC* 8006984637 NY null XXXXXXXXXXXX5191",4.09,
Cleared,05/11/2025,"QFC #5807 SEATTLE WA",68.97,
Cleared,05/10/2025,"TST* SALT AND STRAW - SEATTLE WA null XXXXXXXXXXXX5191",20.92,
Cleared,05/10/2025,"SQ *MAINSTAY PROVISION Seattle WA null XXXXXXXXXXXX5191",18.48,
Cleared,05/10/2025,"DICK'S DRIVE IN LC SEATTLE WA null XXXXXXXXXXXX5191",21.46,
Cleared,05/10/2025,"OTF BALLARD 0581 SEATTLE WA",5.51,
Cleared,05/10/2025,"DARRELLS TAVERN SHORELINE WA null XXXXXXXXXXXX5191",9.50,
Cleared,05/09/2025,"CUR8* ASSUMPTION-ST. B LAS VEGAS NV",13.97,
Cleared,05/08/2025,"SQ *RAVENNA BREWING CO Seattle WA null XXXXXXXXXXXX8992",9.27,
Cleared,05/07/2025,"ARCO#07112ARCO #071QPS BELLEVUE WA null XXXXXXXXXXXX5191",33.65,
Cleared,05/06/2025,"SCOOTER S BURGERS SEATTLE WA null XXXXXXXXXXXX5191",9.32,
Cleared,05/06/2025,"SP ORIGINALPENGUINCO DORAL FL null XXXXXXXXXXXX5191",235.06,
Cleared,05/06/2025,"SQ *LOCKSPOT CAFE Seattle WA null XXXXXXXXXXXX5191",19.38,
Cleared,05/06/2025,"METROPOLITAN MKT 156 SEATTLE WA null XXXXXXXXXXXX5191",24.76,
Cleared,05/05/2025,"METROPOLITAN MKT 156 SEATTLE WA null XXXXXXXXXXXX5191",64.88,
Cleared,05/05/2025,"TST*MAGNUSON CAFE & BR Seattle WA null XXXXXXXXXXXX5191",60.15,
Cleared,05/04/2025,"CLIPPER SYSTEMS MOBILE CONCORD CA null XXXXXXXXXXXX5191",10.00,
Cleared,05/04/2025,"SFO BOURBON PUB SAN FRANCISCO CA null XXXXXXXXXXXX5191",64.19,
Cleared,05/04/2025,"SHELL OIL 57444220206 SAN FRANCISCO CA",14.22,
Cleared,05/03/2025,"TURO INC.* TRIP MAY 2 SAN FRANCISCO CA null XXXXXXXXXXXX8686",21.12,
Cleared,05/03/2025,"SQ *LA MEDITERRANEE Berkeley CA",140.99,
Cleared,05/03/2025,"ALASKA A SEATTLE WA null XXXXXXXXXXXX5191",37.99,
Cleared,05/03/2025,"ALASKA A SEATTLE WA null XXXXXXXXXXXX5191",37.99,
Cleared,05/02/2025,"TAKE 5 URBAN MARKET SEATTLE WA null XXXXXXXXXXXX5191",10.88,
Cleared,05/02/2025,"ALASKA AIR IN FLIGHT SEATAC WA",8.75,
Cleared,05/02/2025,"VILLAGE MARKET OAKLAND CA null XXXXXXXXXXXX5191",126.68,
Cleared,05/02/2025,"SALTYS AT THE SEA SEATAC WA null XXXXXXXXXXXX5191",20.73,
Cleared,05/02/2025,"LAZ PKG OAKLAND OAKLAND CA",26.00,
Cleared,05/01/2025,"LITTLE RED HEN SEATTLE WA",7.00,
Cleared,04/30/2025,"MYBOOSTER* HOCKINSON H NORCROSS GA null XXXXXXXXXXXX5191",50.00,
Cleared,04/30/2025,"DICK'S DRIVE IN HR SEATLE WA null XXXXXXXXXXXX5191",15.78,
Cleared,04/30/2025,"ARCO#07112ARCO #071QPS BELLEVUE WA null XXXXXXXXXXXX5191",32.04,
Cleared,04/28/2025,"QFC #5807 SEATTLE WA null XXXXXXXXXXXX5191",106.21,
Cleared,04/26/2025,"QFC #5807 SEATTLE WA null XXXXXXXXXXXX5191",26.43,
Cleared,04/26/2025,"TST*GREAT STATE BURGER Seattle WA null XXXXXXXXXXXX5191",26.45,
Cleared,04/25/2025,"AUTOPAY 999990000092096RAUTOPAY AUTO-PMT",,-2583.98
Cleared,04/25/2025,"WEST COAST DRUM SHOP BELLEVUE WA null XXXXXXXXXXXX5191",31.38,
Cleared,04/25/2025,"APPLE.COM/BILL 866-712-7753 CA null XXXXXXXXXXXX9835",20.96,
Cleared,04/25/2025,"ARCO#07112ARCO #071QPS BELLEVUE WA null XXXXXXXXXXXX5191",43.52,
Cleared,04/24/2025,"LIME*RIDE HDFI SAN FRANCISCO CA null XXXXXXXXXXXX5191",5.25,
Cleared,04/23/2025,"SQ *CONOR BYRNE COOPER SEATTLE WA null XXXXXXXXXXXX5191",10.00,
Cleared,04/23/2025,"OTF BALLARD 0581 SEATTLE WA",142.22,
Cleared,04/23/2025,"QFC #5807 SEATTLE WA",202.61,
Cleared,04/21/2025,"SAFEWAY #0423 SEATTLE WA null XXXXXXXXXXXX5191",13.98,
Cleared,04/20/2025,"TST* HATBACK BAR & GRI SEATTLE WA",70.70,
Cleared,04/20/2025,"LITTLE RED HEN SEATTLE WA",31.70,
Cleared,04/18/2025,"SCOOTER S BURGERS SEATTLE WA null XXXXXXXXXXXX5191",7.23,
Cleared,04/18/2025,"TST* SALT AND STRAW - SEATTLE WA null XXXXXXXXXXXX5191",29.90,
Cleared,04/18/2025,"BARRE3 SEA* BARRE3SEAT SEATTLE WA null XXXXXXXXXXXX5191",51.64,
Cleared,04/18/2025,"TST*13 COINS - BELLEVU Bellevue WA null XXXXXXXXXXXX5191",20.34,
Cleared,04/18/2025,"MARKET STREET SHOES SEATTLE WA null XXXXXXXXXXXX5191",65.11,
Cleared,04/17/2025,"SEATTLESWINGDANCECLUB. SEATTLE WA",30.00,
Cleared,04/17/2025,"BABELAND - EAST PIKE SEATTLE WA null XXXXXXXXXXXX5191",83.97,
Cleared,04/17/2025,"HORSESHOE BOUTIQUE SEATTLE WA null XXXXXXXXXXXX5191",19.86,
Cleared,04/17/2025,"HORSESHOE BOUTIQUE SEATTLE WA null XXXXXXXXXXXX5191",183.18,
Cleared,04/17/2025,"CAMPBELLS LODGE CHELAN WA",389.83,
Cleared,04/16/2025,"Thankyou Points Redeemed TY OR267164694",,-239.00
Cleared,04/16/2025,"StubHub Event Tickets Wilmington DE",601.62,
Cleared,04/16/2025,"OTF U DISTRICT 0584 SEATTLE WA",153.39,
Cleared,04/16/2025,"SQ *CHUCK'S HOP SHOP G Seattle WA null XXXXXXXXXXXX5191",8.83,
Cleared,04/16/2025,"ST SUBSCRIPTIONS 8886247323 WA",27.72,
Cleared,04/16/2025,"SQ *CHICK'N FIX Puyallup WA null XXXXXXXXXXXX5191",18.10,
Cleared,04/16/2025,"SQ *CHUCK'S HOP SHOP G Seattle WA null XXXXXXXXXXXX5191",18.66,
Cleared,04/16/2025,"ARCO#07112ARCO #071QPS BELLEVUE WA null XXXXXXXXXXXX5191",42.60,
Cleared,04/14/2025,"NYTIMES DISC* 8006984637 NY null XXXXXXXXXXXX5191",4.09,
Cleared,04/14/2025,"99PLEDG*GRIFFIN S. 8559975334 CA null XXXXXXXXXXXX5191",42.50,
Cleared,04/13/2025,"TST* THE WESTY ROOSEVE SEATTLE WA",47.98,
Cleared,04/13/2025,"O'REILLY 2527 SEATTLE WA null XXXXXXXXXXXX5191",61.82,
Cleared,04/13/2025,"METROPOLITAN MKT 156 SEATTLE WA null XXXXXXXXXXXX5191",20.77,
Cleared,04/12/2025,"WHOLEFDS RSQ 10103 SEATTLE WA null XXXXXXXXXXXX5191",4.99,
Cleared,04/11/2025,"QFC #5807 SEATTLE WA null XXXXXXXXXXXX5191",42.47,
Cleared,04/11/2025,"METROPOLITAN MKT 156 SEATTLE WA null XXXXXXXXXXXX5191",35.51,
Cleared,04/10/2025,"TURO INC.* TRIP MAY 2 SAN FRANCISCO CA null XXXXXXXXXXXX8686",196.87,
Cleared,04/10/2025,"GOOGLE *Google One 650-253-0000 CA",110.34,
Cleared,04/09/2025,"TCKTWEB*FRUITBATS 800-965-4827 CA",236.51,
Cleared,04/09/2025,"ARCO#07112ARCO #071QPS BELLEVUE WA null XXXXXXXXXXXX5191",24.43,
Cleared,04/08/2025,"QFC #5807 SEATTLE WA null XXXXXXXXXXXX5191",107.70,
Cleared,04/07/2025,"QFC #5807 SEATTLE WA null XXXXXXXXXXXX5191",206.79,
Cleared,04/07/2025,"TST*HEY BAGEL Seattle WA null XXXXXXXXXXXX5191",35.00,
Cleared,04/06/2025,"LITTLE RED HEN SEATTLE WA",23.00,
Cleared,04/05/2025,"LIME*RIDE HDFI SAN FRANCISCO CA null XXXXXXXXXXXX5191",3.86,
Cleared,04/05/2025,"BYT*KING COUNTY METRO SEATTLE WA",2.75,
Cleared,04/05/2025,"BYT*KING COUNTY METRO SEATTLE WA",2.75,
Cleared,04/05/2025,"LITTLE RED HEN SEATTLE WA",14.00,
Cleared,04/05/2025,"LITTLE RED HEN SEATTLE WA",7.00,
Cleared,04/04/2025,"BIRD APP* PENDING.BIRD MIAMI FL null XXXXXXXXXXXX5191",2.56,
Cleared,04/04/2025,"SQ *REVERIE BALLROOM Seattle WA",15.00,
Cleared,04/04/2025,"STUBHUB INC 8667882482 CA null XXXXXXXXXXXX5191",414.13,
Cleared,04/04/2025,"THE TIN TABLE SEATTLE WA",17.82,
Cleared,04/03/2025,"LITTLE RED HEN SEATTLE WA",7.00,
Cleared,04/03/2025,"76 - TAHOMA EXPRESS 2 TACOMA WA",6.68,
Cleared,04/03/2025,"JOECOFFEE-ANTHEM COFFE TACOMA WA null XXXXXXXXXXXX5191",16.94,
Cleared,04/03/2025,"76 - TAHOMA EXPRESS 2 TACOMA WA",55.74,
Cleared,04/03/2025,"WA ST HISTORICAL SOCIE TACOMA WA",7.00,
Cleared,04/03/2025,"ALCATRAZ CRUISES 415-981-7625 CA",305.35,
Cleared,03/30/2025,"SAFEWAY #0423 SEATTLE WA null XXXXXXXXXXXX5191",32.84,
Cleared,03/29/2025,"GIDDY UP BURGERS SEATTLE WA null XXXXXXXXXXXX5191",36.13,
Cleared,03/28/2025,"QFC #5807 SEATTLE WA null XXXXXXXXXXXX5191",88.21,
Cleared,03/28/2025,"THE ATLANTIC WASHINGTON DC",88.27,
Cleared,03/26/2025,"TST* ZEEK'S PIZZA - GR SEATTLE WA null XXXXXXXXXXXX5191",6.02,
Cleared,03/26/2025,"TST* ZEEK'S PIZZA - GR SEATTLE WA null XXXXXXXXXXXX5191",6.02,
Cleared,03/26/2025,"ARCO#07112ARCO #071QPS BELLEVUE WA null XXXXXXXXXXXX5191",39.69,
Cleared,03/25/2025,"AUTOPAY 999990000092096RAUTOPAY AUTO-PMT",,-6512.70
Cleared,03/25/2025,"CTLP*Canteen Vending S CHARLOTTE NC null XXXXXXXXXXXX5191",1.35,
Cleared,03/24/2025,"QFC #5807 SEATTLE WA null XXXXXXXXXXXX5191",231.34,
Cleared,03/24/2025,"METROPOLITAN MKT 156 SEATTLE WA null XXXXXXXXXXXX5191",14.33,
Cleared,03/23/2025,"SQ *CHOCOLATI Seattle WA null XXXXXXXXXXXX5191",11.90,
Cleared,03/23/2025,"CITY CELLARS SEATTLE WA null XXXXXXXXXXXX5191",20.97,
Cleared,03/23/2025,"LITTLE RED HEN SEATTLE WA",31.00,
Cleared,03/22/2025,"LITTLE RED HEN SEATTLE WA",20.00,
Cleared,03/22/2025,"OTF BALLARD 0581 SEATTLE WA",142.22,
Cleared,03/20/2025,"TST* SALT AND STRAW - SEATTLE WA null XXXXXXXXXXXX5191",29.90,
Cleared,03/20/2025,"BLVD *RUDY'S LAURELH SEATTLE WA null XXXXXXXXXXXX5191",74.16,
Cleared,03/20/2025,"APPLE.COM/BILL CUPERTINO CA null XXXXXXXXXXXX9835",20.96,
Cleared,03/20/2025,"TST*BLACK & TAN HALL Seattle WA null XXXXXXXXXXXX5191",8.86,
Cleared,03/20/2025,"TST*BLACK & TAN HALL Seattle WA null XXXXXXXXXXXX5191",15.00,
Cleared,03/19/2025,"ST SUBSCRIPTIONS 8886247323 WA",27.72,
Cleared,03/19/2025,"ARCO#07112ARCO #071QPS BELLEVUE WA null XXXXXXXXXXXX5191",20.96,
Cleared,03/18/2025,"TRADER JOE S #162 BELLEVUE WA null XXXXXXXXXXXX5191",129.88,
Cleared,03/18/2025,"USPS KIOSK 5476459566 SEATTLE WA",3.65,
Cleared,03/17/2025,"NYTIMES DISC* 8006984637 NY null XXXXXXXXXXXX5191",4.09,
Cleared,03/17/2025,"GREENWOOD TRUE VALUE H SEATTLE WA null XXXXXXXXXXXX5191",47.17,
Cleared,03/16/2025,"QFC #5807 SEATTLE WA null XXXXXXXXXXXX5191",73.02,
Cleared,03/16/2025,"OTF U DISTRICT 0584 SEATTLE WA",153.39,
Cleared,03/16/2025,"ARCO#07112ARCO #071QPS BELLEVUE WA null XXXXXXXXXXXX5191",53.91,
Cleared,03/14/2025,"METROPOLITAN MKT 156 SEATTLE WA null XXXXXXXXXXXX5191",29.46,
Cleared,03/13/2025,"U-HAUL OF BALLARD SEATTLE WA",,-6.89
Cleared,03/13/2025,"TCKTWEB*WARDDAVIS 800-965-4827 CA",31.21,
Cleared,03/12/2025,"SAFEWAY #1550 SEATTLE WA null XXXXXXXXXXXX5191",14.10,
Cleared,03/12/2025,"WATERWHEEL SEATTLE WA",18.41,
Cleared,03/11/2025,"TST*HEY BAGEL Seattle WA null XXXXXXXXXXXX5191",36.00,
Cleared,03/10/2025,"QFC #5807 SEATTLE WA null XXXXXXXXXXXX5191",155.10,
Cleared,03/09/2025,"TST* ZEEK'S PIZZA - RA SEATTLE WA null XXXXXXXXXXXX5191",34.28,
Cleared,03/09/2025,"SCC ONLINE PARKING SEATTLE WA",11.00,
Cleared,03/09/2025,"LITTLE RED HEN SEATTLE WA",28.70,
Cleared,03/08/2025,"AFP*Northwest Family L Kirkland WA",475.00,
Cleared,03/08/2025,"TST*OLD SALT 2.0 - BAL Seattle WA null XXXXXXXXXXXX5191",32.36,
Cleared,03/08/2025,"PCC - VIEW RIDGE SEATTLE WA null XXXXXXXXXXXX5191",3.99,
Cleared,03/07/2025,"PROJECT 9 BREWING CO SEATTLE WA null XXXXXXXXXXXX5191",9.83,
Cleared,03/07/2025,"PROJECT 9 BREWING CO SEATTLE WA null XXXXXXXXXXXX5191",18.66,
Cleared,03/07/2025,"ACT THEATRE WEB SEATTLE WA",15.00,
Cleared,03/06/2025,"LIME*RIDE HDFI SAN FRANCISCO CA null XXXXXXXXXXXX5191",4.73,
Cleared,03/06/2025,"OSKARS PIZZA SEATTLE WA null XXXXXXXXXXXX5191",6.24,
Cleared,03/06/2025,"OSKARS PIZZA SEATTLE WA null XXXXXXXXXXXX5191",16.62,
Cleared,03/06/2025,"SQ *RAVENNA BREWING CO Seattle WA null XXXXXXXXXXXX5191",10.92,
Cleared,03/06/2025,"GIRL SCOUTS OF THE UNI 8555304467 NY",60.00,
Cleared,03/06/2025,"FOREIGN TRANSACTION FEE",27.78,
Cleared,03/06/2025,"ADVANCES*TRANSACTION FEE",13.23,
Cleared,03/06/2025,"INTEREST CHARGED TO STANDARD ADV",0.87,
Cleared,03/05/2025,"ARCO#07112ARCO #071QPS BELLEVUE WA null XXXXXXXXXXXX5191",46.70,
Cleared,03/04/2025,"QFC #5807 SEATTLE WA null XXXXXXXXXXXX5191",20.40,
Cleared,03/04/2025,"TST*HEY BAGEL Seattle WA null XXXXXXXXXXXX5191",19.50,
Cleared,03/03/2025,"American Water Polo BRIDGEPORT PA",57.20,
Cleared,03/03/2025,"QFC #5807 SEATTLE WA",127.87,
Cleared,03/01/2025,"LIME*RIDE HDFI SAN FRANCISCO CA null XXXXXXXXXXXX5191",3.31,
Cleared,03/01/2025,"AMK UNIV WASH ATHLETIC SEATTLE WA null XXXXXXXXXXXX5191",36.33,
Cleared,03/01/2025,"METROPOLITAN MKT 156 SEATTLE WA null XXXXXXXXXXXX5191",28.69,
Cleared,02/28/2025,"FIDDLERS INN SEATTLE WA",36.80,
Cleared,02/28/2025,"MCMENAMINS CONCERTS 9196530444 NC",273.84,
Cleared,02/28/2025,"THE TIN TABLE SEATTLE WA",15.00,
Cleared,02/28/2025,"THE TIN TABLE SEATTLE WA",22.86,
Cleared,02/27/2025,"TST* SALT AND STRAW - SEATTLE WA null XXXXXXXXXXXX5191",35.97,
Cleared,02/27/2025,"FEVOINC*UNIVERSITYOFWA 8333386090 NY",151.06,
Cleared,02/27/2025,"LITTLE RED HEN SEATTLE WA",7.00,
Cleared,02/27/2025,"OFFROAM 4159884419 CA null XXXXXXXXXXXX5191",84.95,
Cleared,02/26/2025,"WEST COAST DRUM SHOP BELLEVUE WA null XXXXXXXXXXXX5191",19.87,
Cleared,02/26/2025,"GIDDY UP BURGERS SEATTLE WA null XXXXXXXXXXXX5191",14.28,
Cleared,02/26/2025,"ARCO#07112ARCO #071QPS BELLEVUE WA null XXXXXXXXXXXX5191",37.64,
Cleared,02/25/2025,"AUTOPAY 999990000092096RAUTOPAY AUTO-PMT",,-2577.52
Cleared,02/25/2025,"CLIP MX*SUPERMINISUPE OAXACA DE JUA MEX",,-13.88
Cleared,02/25/2025,"QFC #5807 SEATTLE WA",128.50,
Cleared,02/25/2025,"METROPOLITAN MKT 156 SEATTLE WA null XXXXXXXXXXXX8992",3.49,
Cleared,02/25/2025,"METROPOLITAN MKT 156 SEATTLE WA",3.49,
Cleared,02/24/2025,"ORO DE MONTE ALBAN OAXACA DE JUA MEX",39.67,
Cleared,02/24/2025,"CPI*DFW AMERITEX INC 972-572-5200 TX null XXXXXXXXXXXX5191",2.85,
Cleared,02/24/2025,"CPI*DFW AMERITEX INC 972-572-5200 TX null XXXXXXXXXXXX5191",2.85,
Cleared,02/24/2025,"APPLE.COM/BILL 866-712-7753 CA null XXXXXXXXXXXX9835",20.96,
Cleared,02/24/2025,"DFW HICKORY BBQ 612112 DALLAS TX null XXXXXXXXXXXX5191",25.88,
Cleared,02/24/2025,"AMERICAN0010266633075 MEXICO CITY MEX",36.40,
Cleared,02/24/2025,"MERA ARRENDADORA SANTA CRUZ XO MEX",27.94,
Cleared,02/24/2025,"MERA ARRENDADORA SANTA CRUZ XO MEX",40.17,
Cleared,02/23/2025,"TR3S 3ISTRO RESTAURANT OAXACA DE JUA MEX",39.95,
Cleared,02/23/2025,"HUIZACHE OAXACA DE JUA MEX",12.81,
Cleared,02/23/2025,"MESTIZO EL ARTE OAXACA DE JUA MEX",14.78,
Cleared,02/23/2025,"MERPAGO*AZOTEAGRILL CIUDAD DE MEX MEX",56.65,
Cleared,02/23/2025,"MERPAGO*AZOTEAGRILL CIUDAD DE MEX MEX",19.83,
Cleared,02/22/2025,"HOTEL MARQUES DEL VALL OAXACA DE JUA MEX",200.27,
Cleared,02/22/2025,"CLIP MX*SUPERMINISUPE OAXACA DE JUA MEX",13.26,
Cleared,02/22/2025,"CLIP MX*SUPERMINISUPE OAXACA DE JUA MEX",13.88,
Cleared,02/22/2025,"HUMITO DE COPAL OAXACA DE JUA MEX",43.64,
Cleared,02/22/2025,"BRIO COCINA LOCAL OAXACA DE JUA MEX",50.25,
Cleared,02/22/2025,"HOT SANTA FE PUERTO ESCOND MEX",170.45,
Cleared,02/21/2025,"Busbud Wilmington DE null XXXXXXXXXXXX5191",41.51,
Cleared,02/20/2025,"FARMACIA ZICATELA 3 SANTA MARIA C MEX",18.71,
Cleared,02/19/2025,"Wise New York NY null XXXXXXXXXXXX5191",,-264.76
Cleared,02/19/2025,"ST SUBSCRIPTIONS 8886247323 WA",27.72,
Cleared,02/19/2025,"HOTEL SANTA FE SANTA MARIA C MEX",38.21,
Cleared,02/17/2025,"BPK*OAXACA REST 2 PUEBLA MEX",67.80,
Cleared,02/17/2025,"ABTS PRODUCTOS Z GARCI OAXACA DE JUA MEX",20.41,
Cleared,02/17/2025,"NYTIMES DISC* 8006984637 NY null XXXXXXXXXXXX5191",4.09,
Cleared,02/17/2025,"CLIP MX*RESTMEZCALERI OAXACA DE JUA MEX",21.15,
Cleared,02/17/2025,"MERPAGO*AZOTEAGRILL CIUDAD DE MEX MEX",33.63,
Cleared,02/17/2025,"DFW TX/MX CANTINA DFW INTER AIR TX",30.06,
Cleared,02/16/2025,"AA INFLIGHT Fort Worth TX",8.00,
Cleared,02/16/2025,"AMERICAN0010266238288 PHOENIX AZ",35.00,
Cleared,02/16/2025,"TST*CHILL GRAPEVINE - Grapevine TX null XXXXXXXXXXXX5191",79.48,
Cleared,02/16/2025,"TST*SEATTLE DAWG HOUSE SEATTLE WA null XXXXXXXXXXXX5191",36.34,
Cleared,02/15/2025,"TST*OLD SALT 2.0 - BAL Seattle WA null XXXXXXXXXXXX5191",33.45,
Cleared,02/15/2025,"Wise New York NY null XXXXXXXXXXXX5191",264.76,
Cleared,02/14/2025,"WILD WASABI SIGNATURE BELLEVUE WA",351.76,
Cleared,02/14/2025,"FGT*FAIRWELLFGT 8885127469 TX",2412.00,
Cleared,02/14/2025,"SQ *RAVENNA BREWING CO Seattle WA null XXXXXXXXXXXX5191",18.54,
Cleared,02/13/2025,"WOODLAND PARK ZOO 8005143849 NC",546.42,
Cleared,02/12/2025,"ARCO#07112ARCO #071QPS BELLEVUE WA null XXXXXXXXXXXX5191",41.76,
Cleared,02/11/2025,"Busbud Wilmington DE",35.96,
Cleared,02/11/2025,"ADO GL Berlin DEU",37.70,
Cleared,02/11/2025,"TST*THE PARAMOUNT THEA Seattle WA",11.00,
Cleared,02/10/2025,"UW ATHLTCS GARAGE PARK SEATTLE WA",4.00,
Cleared,02/10/2025,"OLAF'S SEATTLE WA",28.00,
Cleared,02/10/2025,"QFC #5807 SEATTLE WA null XXXXXXXXXXXX5191",76.39,
Cleared,02/09/2025,"SQ *MAINSTAY PROVISION Seattle WA null XXXXXXXXXXXX5191",9.66,
Cleared,02/08/2025,"SQ *CONOR BYRNE COOPER SEATTLE WA",20.95,
Cleared,02/08/2025,"SQ *TRACTOR TAVERN Seattle WA",41.20,
Cleared,02/08/2025,"TST*OLD SALT 2.0 - BAL Seattle WA null XXXXXXXXXXXX5191",25.71,
Cleared,02/08/2025,"LITTLE RED HEN SEATTLE WA",7.00,
Cleared,02/08/2025,"U-HAUL OF BALLARD SEATTLE WA",34.11,
Cleared,02/07/2025,"BLUE MOON TAVERN SEATTLE WA",8.82,
Cleared,02/06/2025,"OTF U DISTRICT 0584 832-7307378 WA",219.60,
Cleared,02/06/2025,"LITTLE RED HEN SEATTLE WA",12.00,
Cleared,02/05/2025,"ARCO#07112ARCO #071QPS BELLEVUE WA null XXXXXXXXXXXX5191",32.91,
Cleared,02/05/2025,"OTF U DISTRICT 0584 832-7307378 WA",5.52,
Cleared,02/04/2025,"U-HAUL OF BALLARD SEATTLE WA",6.57,
Cleared,02/04/2025,"U-HAUL OF BALLARD SEATTLE WA",39.68,
Cleared,02/04/2025,"QFC #5807 SEATTLE WA",72.46,
Cleared,02/04/2025,"SHELL OIL10007731028 SEATTLE WA",5.58,
Cleared,02/04/2025,"NORTH TRANSFER STA - S SEATTLE WA",35.00,
Cleared,02/02/2025,"SCOOTER S BURGER SEATTLE WA null XXXXXXXXXXXX5191",22.95,
Cleared,02/02/2025,"U-HAUL OF BALLARD SEATTLE WA",35.51,
Cleared,02/02/2025,"SHELL OIL10006236011 SEATTLE WA",4.76,
Cleared,02/02/2025,"TM *TICKETMASTER 8006538000 CA",209.07,
Cleared,02/01/2025,"QFC #5807 SEATTLE WA null XXXXXXXXXXXX5191",103.41,
Cleared,02/01/2025,"KATTERMANS SAND POINT SEATTLE WA null XXXXXXXXXXXX5191",5.50,
Cleared,02/01/2025,"KATTERMANS SAND POINT SEATTLE WA null XXXXXXXXXXXX5191",25.24,
Cleared,01/31/2025,"LITTLE RED HEN SEATTLE WA",7.00,
Cleared,01/29/2025,"ARCO#07112ARCO #071QPS BELLEVUE WA null XXXXXXXXXXXX5191",32.63,
Cleared,01/28/2025,"QFC #5807 SEATTLE WA null XXXXXXXXXXXX5191",120.37,
Cleared,01/27/2025,"NORTH TRANSFER STA - S SEATTLE WA",35.00,
Cleared,01/25/2025,"AUTOPAY 999990000092096RAUTOPAY AUTO-PMT",,-2913.64
Cleared,01/25/2025,"APPLE.COM/BILL 866-712-7753 CA null XXXXXXXXXXXX9835",20.96,
Cleared,01/25/2025,"U-HAUL OF BALLARD SEATTLE WA",5.47,
Cleared,01/25/2025,"U-HAUL OF BALLARD SEATTLE WA",15.01,
Cleared,01/25/2025,"U-HAUL OF BALLARD SEATTLE WA",29.78,
Cleared,01/25/2025,"NORTH TRANSFER STA - S SEATTLE WA",35.00,
Cleared,01/25/2025,"SAFEWAY FUEL1477 SEATTLE WA",2.63,
Cleared,01/24/2025,"PROLIANCE SURGEONS INC SEATTLE WA",309.27,
Cleared,01/22/2025,"ST SUBSCRIPTIONS 8886247323 WA",27.72,
Cleared,01/22/2025,"ARCO#07112ARCO #071QPS BELLEVUE WA null XXXXXXXXXXXX5191",37.80,
Cleared,01/21/2025,"QFC #5807 SEATTLE WA",8.49,
Cleared,01/20/2025,"BALLARD MKT THRIFT SEATTLE WA null XXXXXXXXXXXX5191",15.27,
Cleared,01/20/2025,"NYTIMES DISC* 8006984637 NY null XXXXXXXXXXXX5191",4.09,
Cleared,01/20/2025,"OLAF'S SEATTLE WA",16.50,
Cleared,01/20/2025,"OLAF'S SEATTLE WA",17.50,
Cleared,01/17/2025,"Thankyou Points Redeemed TY OR260223021",,-1145.00
Cleared,01/17/2025,"QFC #5807 SEATTLE WA null XXXXXXXXXXXX5191",116.78,
Cleared,01/15/2025,"MOBILIZE PHYSICAL THER SEATTLE WA",271.34,
Cleared,01/15/2025,"ARCO#07112ARCO #071QPS BELLEVUE WA null XXXXXXXXXXXX5191",54.81,
Cleared,01/13/2025,"QFC #5807 SEATTLE WA null XXXXXXXXXXXX5191",157.38,
Cleared,01/13/2025,"OLAF'S SEATTLE WA",29.00,
Cleared,01/12/2025,"LITTLE RED HEN SEATTLE WA",21.00,
Cleared,01/10/2025,"TST* WEDGEWOOD PUBLIC SEATTLE WA",9.13,
Cleared,01/10/2025,"SAFEWAY #0423 SEATTLE WA null XXXXXXXXXXXX5191",17.64,
Cleared,01/10/2025,"SAFEWAY #0423 SEATTLE WA null XXXXXXXXXXXX5191",32.84,
Cleared,01/10/2025,"SAFEWAY #0423 SEATTLE WA null XXXXXXXXXXXX5191",49.33,
Cleared,01/10/2025,"EAGLES SEATTLE WA",15.75,
Cleared,01/09/2025,"LITTLE RED HEN SEATTLE WA",7.00,
Cleared,01/08/2025,"RADIA INC PS LYNNWOOD WA",19.13,
Cleared,01/08/2025,"PCC - VIEW RIDGE SEATTLE WA null XXXXXXXXXXXX5191",16.19,
Cleared,01/06/2025,"OTF U DISTRICT 0584 832-7307378 WA",38.62,
Cleared,01/06/2025,"OTF U DISTRICT 0584 832-7307378 WA",131.32,
Cleared,01/06/2025,"OTF U DISTRICT 0584 832-7307378 WA",164.42,
Cleared,01/06/2025,"QFC #5807 SEATTLE WA",61.19,
Cleared,01/05/2025,"ARCO#07112ARCO #071QPS BELLEVUE WA null XXXXXXXXXXXX5191",52.91,
Cleared,01/05/2025,"APPLE.COM/BILL 866-712-7753 CA null XXXXXXXXXXXX9835",3.30,
Cleared,01/04/2025,"TST* SUGAR HILL SEATTLE WA",15.43,
Cleared,01/04/2025,"QFC #5807 SEATTLE WA",23.45,
Cleared,01/04/2025,"TST* FOREIGN NATIONAL SEATTLE WA",44.30,
Cleared,01/03/2025,"TST*MAMNOON Seattle WA",145.11,
Cleared,01/03/2025,"BABELAND - EAST PIKE SEATTLE WA null XXXXXXXXXXXX5191",153.38,
Cleared,01/03/2025,"THE TIN TABLE SEATTLE WA",7.72,
Cleared,01/03/2025,"CENTURY BALLROOM SEATTLE WA null XXXXXXXXXXXX5191",20.00,
Cleared,01/02/2025,"QFC #5807 SEATTLE WA null XXXXXXXXXXXX5191",38.59,
Cleared,01/01/2025,"TST* SALT AND STRAW - SEATTLE WA null XXXXXXXXXXXX5191",28.46,
Cleared,01/01/2025,"OLAF'S SEATTLE WA",63.50,
Cleared,01/01/2025,"LITTLE RED HEN SEATTLE WA",14.00,
Cleared,01/01/2025,"SAFEWAY #0423 SEATTLE WA null XXXXXXXXXXXX5191",23.29,
